Ticker;SimFinId;"Company Name";IndustryId
FOX_old;242;"21st Century Fox";103001
ACAT;33956;"ARCTIC CAT INC";103005
APIC;34899;"Apigee Corp";101003
LABL;35331;"MULTI COLOR Corp";100002
JOY;39382;"JOY GLOBAL INC";100009
SHOS;39593;"SEARS HOMETOWN & OUTLET STORES, INC.";109001
CST;42704;"CST BRANDS, INC.";102001
COVS;43077;"Covisint Corp";101003
LAYN;45965;"LAYNE CHRISTENSEN CO";100003
NMBL;50051;"Nimble Storage Inc";
ARRY;50863;"ARRAY BIOPHARMA INC";106002
KMG;51451;"KMG CHEMICALS INC";110001
Fred;51800;"FREDS INC";102001
CPST;51961;"CAPSTONE TURBINE Corp";100001
SYUT;53873;"Synutra International, Inc.";
RAX;53986;"RACKSPACE HOSTING, INC.";108001
MGCD;55248;"MGC DIAGNOSTICS Corp";106004
EEI;55609;"ECOLOGY & ENVIRONMENT INC";100004
CLC;57096;"CLARCOR INC.";100001
AET;62217;"AETNA INC /PA/";106006
Fuel;63100;"Rocket Fuel Inc.";103011
WSCI;65297;"WSI INDUSTRIES, INC.";100001
APC;67564;"ANADARKO PETROLEUM CORP";107002
SLNM;69772;"SALON MEDIA GROUP INC";
BCR;71733;"BARD C R INC /NJ/";106003
KITE;73743;"Kite Pharma, Inc.";106002
MON;79638;Monsanto;110003
DTRM;80268;"DETERMINE, INC.";101003
BOJA;82963;"Bojangles', Inc.";103003
SNAK;86600;"INVENTURE FOODS, INC.";102002
WFM;90839;"WHOLE FOODS MARKET INC";103002
P;91899;"Pandora Media, Inc.";103001
ARO;93605;"AEROPOSTALE INC";
RHT;94011;"RED HAT INC";101003
PRTX;95453;"PROTALEX INC";106002
WINH;97546;"WINHA INTERNATIONAL GROUP LTD";
MYCC;97729;"ClubCorp Holdings, Inc.";103015
KLXI;98588;"KLX Inc.";100008
CALD;100006;"CALLIDUS SOFTWARE INC";101003
SHLD;100266;"SEARS HOLDINGS CORP";103002
CBM;100602;"CAMBREX CORP";106002
MIXX;103135;"MIX 1 LIFE, INC.";
IVTY;103578;"Invuity, Inc.";106003
ESRX;107733;"Express Scripts Holding Co.";106006
AGHI;111361;"Affinion Group Holdings, Inc.";
AGI;111482;"Affinion Group, Inc.";110004
CBI;111879;"CHICAGO BRIDGE & IRON CO N V";100003
SXC;112269;"SunCoke Energy Partners, L.P.";110006
CIK;113301;"Cr√©dit Suisse Asset Management Income Fund, INC.";104001
SPNC;114601;"SPECTRANETICS CORP";106004
ESI;114707;"ITT EDUCATIONAL SERVICES INC";
SFS;114802;"Smart & Final Stores, Inc.";102001
CHSP;115723;"Chesapeake Lodging Trust";109001
WCIC;116367;"WCI Communities, Inc.";
WFT;117829;"Weatherford International plc";107004
ADPT;118952;"Adeptus Health Inc.";
TWX;121635;"TIME WARNER INC.";103001
TST;122759;"THESTREET, INC.";104003
NFX;123505;"NEWFIELD EXPLORATION CO /DE/";107002
SGY;123623;"STONE ENERGY CORP";107002
DNB;125293;"DUN & BRADSTREET CORP/NW";100002
SGM;126240;"STONEGATE MORTGAGE CORP";
SEV;129956;"SEVCON, INC.";101004
SHPGF;132453;"Shire plc";106005
GUID;132676;"Guidance Software, Inc.";101003
BID;136608;SOTHEBYS;103002
ASH;136913;"ASHLAND INC.";110001
NATL;138792;"National Interstate CORP";
SOHU;138944;"SOHU COM INC";101002
RATE;140381;"Bankrate, Inc.";101002
TESO;141183;"TESCO CORP";107004
CNXR;145641;"CONNECTURE INC";106006
COTV;146741;"Cotiviti Holdings, Inc.";101003
MXPT;146869;"MaxPoint Interactive, Inc.";101003
FCS;147401;"FAIRCHILD SEMICONDUCTOR INTERNATIONAL INC";101004
RLOC;148191;"ReachLocal Inc";
BLFS;148798;"BIOLIFE SOLUTIONS INC";106003
CAGU;154936;"CASTLE GROUP INC";109002
PROM;156801;"Propel Media, Inc.";
DDE;157094;"DOVER DOWNS GAMING & ENTERTAINMENT INC";103015
ICPW;161289;"IRONCLAD PERFORMANCE WEAR CORP";100001
HPJ;163221;"Highpower International, Inc.";101001
SPAN;164268;"SPAN AMERICA MEDICAL SYSTEMS INC";106003
SPLS;166539;"STAPLES INC";103002
PRGB;167827;"Protea Biosciences Group, Inc.";
TMED;169714;"TRIMEDYNE INC";
DEST;175862;"Destination Maternity Corp";103002
TIVO;176762;"TIVO INC";101003
BRCD;186307;"BROCADE COMMUNICATIONS SYSTEMS INC";101001
SCG;190587;"SCANA CORP";105001
ACET;191612;"ACETO CORP";106005
GMAN;198131;"Gordmans Stores, Inc.";
FNSR;198959;"FINISAR CORP";101005
BONT;200557;"BON TON STORES INC";103002
SIGM;202034;"SIGMA DESIGNS INC";101004
PERF;209149;"Perfumania Holdings, Inc.";103002
AEPI;210001;"AEP INDUSTRIES INC";103018
USAT;234192;"USA TECHNOLOGIES INC";101003
XCRA;247530;"Xcerra Corp";101004
HRS;248838;"HARRIS CORP /DE/";101005
IDSY;250487;"ID SYSTEMS INC";101005
RDC;252069;"ROWAN COMPANIES PLC";107006
GIMO;252563;"Gigamon Inc.";101005
BRS;255858;"Bristow Group Inc";107004
SFD;256896;"SMITHFIELD FOODS INC";
PHH;257104;"PHH CORP";104002
YHOO;257807;"YAHOO INC";108001
BRCM;261267;"BROADCOM CORP";101004
CA;262416;"CA, INC.";101003
MAMS;265007;"MAM SOFTWARE GROUP, INC.";101003
AXN;329205;"AOXING PHARMACEUTICAL COMPANY, INC.";106005
SSNI;331528;"SILVER SPRING NETWORKS INC";101001
PRGO;334568;"PERRIGO CO";106005
PVHO;340334;"Provision Holding, Inc.";
IMSCQ;340525;"IMPLANT SCIENCES CORP";
RSYS;342891;"RADISYS CORP";101001
SONC;343236;"SONIC CORP";103003
ALJ;344561;"Alon USA Energy, Inc.";107001
TYPE;344785;"Monotype Imaging Holdings Inc.";101003
TSRO;349753;"TESARO, Inc.";106002
DPLO;349954;"Diplomat Pharmacy, Inc.";106005
KTWO;350257;"K2M GROUP HOLDINGS, INC.";106004
IRG;350449;"Ignite Restaurant Group, Inc.";
BBRG;350647;"Bravo Brio Restaurant Group, Inc.";103003
EFH;352819;"Energy Future Holdings Corp /TX/";
ACT;353702;"Actavis, Inc.";
ISIL;355428;"INTERSIL CORP/DE";101004
QCP;356195;"QUALITY CARE PROPERTIES, INC.";109001
SPB;357600;"Spectrum Brands Holdings, Inc.";103004
NUTR;357986;"NUTRACEUTICAL INTERNATIONAL CORP";102002
ABCD;358762;"CAMBIUM LEARNING GROUP, INC.";102006
WRK;359889;"WestRock Co";103018
JCI;360440;"JOHNSON CONTROLS INC";110005
MSCC;361632;"MICROSEMI CORP";101004
FLUG;362943;"FLURIDA GROUP INC";
VSM;375160;"Versum Materials, Inc.";110001
AVGO_old;378100;"Avago Technologies";101004
CI;378114;"CIGNA Corp.";106006
CSRA;378123;"CSRA Inc.";101003
ENDP_old;378135;"Endo International";106005
FTI_old;378150;"FMC Technologies Inc.";107004
GGP_old;378155;"General Growth Properties Inc.";109001
LLL;378176;"L-3 Communications Holdings";100008
MJN;378188;"Mead Johnson";106006
MYL_old;378191;"Mylan N.V.";106005
PX;378201;"Praxair Inc.";110001
COL;378209;"Rockwell Collins";100008
SE;378216;"Spectra Energy Corp.";101003
STJ;378218;"St Jude Medical";106004
ANDV;378224;Andeavor;107001
TSS;378227;"Total System Services";104007
CELG;410976;"CELGENE CORP /DE/";106002
PNRA;412883;"PANERA BREAD CO";103003
ATW;412984;"ATWOOD OCEANICS INC";107006
AGN_old;442340;"Allergan Inc.";106005
ARRS;445801;"Arris Group Inc";101005
CAVM;446086;"Cavium Inc";101004
DFT;446473;"Dupont Fabros Technology Inc";109001
GWR;447280;"Genesee & Wyoming Inc";100010
GXP;447283;"Great Plains Energy Inc";105001
IGT;447449;"International Game Technology";103015
LSI_old;447735;"Lsi Corp";109001
MBFI;447767;"MB Financial Inc";104002
RSPP;448551;"RSP Permian Inc";107006
WGL;449198;"WGL Holdings Inc";105001
WOOF;449230;"Vca Antech Inc";106011
RGC;493690;"Regal Entertainment Group";103001
ATHN;495675;"ATHENAHEALTH INC";101003
MDSO;497390;"Medidata Solutions, Inc.";101003
SNDK;505727;"SANDISK CORP";101001
MWW;507294;"MONSTER WORLDWIDE, INC.";
KND;510383;"KINDRED HEALTHCARE, INC";106011
RMCF;515680;"ROCKY MOUNTAIN CHOCOLATE FACTORY INC";102002
FDC;520475;"FIRST DATA CORP";100002
CDI;531420;"CDI CORP";
CRR;534434;"CARBO CERAMICS INC";107004
Time;535758;"Time Inc.";103026
WMAR;543710;"WEST MARINE INC";103002
CLNT;543877;"Cleantech Solutions International, Inc.,";100001
BSPM;543906;"Biostar Pharmaceuticals, Inc.";106005
TSQ;545597;"Townsquare Media, Inc.";103001
CIE;546550;"Cobalt International Energy, Inc.";107002
ETEC;546873;"EMTEC INC/NJ";
CNND;546895;"CANANDAIGUA NATIONAL CORP";104002
BRRE;547113;"BLUE RIDGE REAL ESTATE CO";
WLB;596565;"WESTMORELAND COAL Co";110006
IPXL;625184;"IMPAX LABORATORIES INC";106005
TOWR;625334;"Tower International, Inc.";103005
TVPT;625611;"Travelport Worldwide LTD";103015
WIN;625612;"WINDSTREAM HOLDINGS, INC.";108001
LDOS_old;625661;"Leidos, Inc.";101003
CRZO;628031;"CARRIZO OIL & GAS INC";107002
REN;637543;"Resolute Energy Corp";107002
FMSA;645665;"FAIRMOUNT SANTROL HOLDINGS INC.";107004
GCI;651516;"Gannett Co., Inc.";103026
WEB;651626;"WEB.COM GROUP, INC.";101002
XOXO;651859;"XO GROUP INC.";101002
NLN;652800;"NEULION, INC.";
RLJE;653411;"RLJ ENTERTAINMENT, INC.";103001
IHRT;653413;"iHeartMedia, Inc.";103001
GSEG;654541;"SATYA WORLDWIDE, INC.";
CTOP;658373;"Ceetop Inc.";
TCNT;658757;"TOUCAN INTERACTIVE CORP";
RIHT;658986;"RIGHTSCORP, INC.";
VAPE;659172;"Vape Holdings, Inc.";
MJTK;659836;"CANNASYS INC";
MMEG;659865;"MOMENTOUS ENTERTAINMENT GROUP INC";
MSGO;660196;"Mister Goody, Inc.";
SANP;660201;"SANTO MINING CORP.";
UOLI;660762;"UONLIVE CORP";100013
SIGN;661042;"SIGNET INTERNATIONAL HOLDINGS, INC.";100013
PEDH;662413;"PEOPLES EDUCATIONAL HOLDINGS";
CWRL;662568;"Cornerworld Corp";
MXMG;662984;"MAXIMA GROUP INC.";
AJBI;663635;"AMI JAMES BRANDS, INC.";
MECK;666666;"Mecklermedia Corp";
OMGB;667156;"OMEGA BRANDS INC.";
FLLZ;667668;"Fellazo Corp";
CMND;667728;"CALEMINDER INC";
GDI;668481;"GARDNER DENVER INC";101001
CKP;669154;"CHECKPOINT SYSTEMS INC";103018
BPL;669884;"BUCKEYE PARTNERS, L.P.";107003
HDP;670518;"Hortonworks, Inc.";101003
ARS;670859;"Aleris International, Inc.";
SHLM;671141;"SCHULMAN A INC";110001
BXC;673388;"BlueLinx Holdings Inc.";110005
ARCW;674718;"ARC Group Worldwide, Inc.";100001
SVU;684097;"SUPERVALU INC";102001
BMS;687804;"BEMIS CO INC";103018
WPTH;687927;"Westport Energy Holdings Inc.";
QSIM;689588;"QUANTUMSPHERE, INC.";
HCOM;692076;"Hawaiian Telcom Holdco, Inc.";108001
ARMK_old;692435;"Aramark Services, Inc.";103003
SYNT;693332;"SYNTEL INC";101003
MDXG;693702;"MIMEDX GROUP, INC.";106004
TIS;693955;"Orchids Paper Products CO /DE";102002
MB;698225;"MINDBODY, Inc.";101003
DYN;703911;"DYNEGY INC.";105002
GLBL;704271;"TERRAFORM GLOBAL, INC.";105002
CQH;704560;"Cheniere Energy Partners LP Holdings, LLC";107003
LEVB;705447;"Level Brands, Inc.";103011
ASCMA;707350;"Ascent Capital Group, Inc.";100007
HEMA;708324;"HEMACARE CORP /CA/";
HTM;709126;"US GEOTHERMAL INC";105002
FRP;710987;"FAIRPOINT COMMUNICATIONS INC";
DATA;711049;"Tableau Software Inc";101003
APU;723175;"AMERIGAS PARTNERS LP";105001
SSYS;727537;"STRATASYS INC";101001
QTNA;734346;"QUANTENNA COMMUNICATIONS INC";101004
XSPY;734429;"Spy Inc.";103015
ARTX;739639;"AROTECH CORP";100001
APTI;741619;"Apptio Inc";101003
MAA;744578;"MID AMERICA APARTMENT COMMUNITIES INC.";109001
WCG;745218;"WELLCARE HEALTH PLANS, INC.";106006
STE;749030;"STERIS plc";106003
MXWL;755086;"MAXWELL TECHNOLOGIES INC";101001
ESL;758715;"ESTERLINE TECHNOLOGIES CORP";100008
ECYT;760760;"ENDOCYTE INC";106002
BKS;763488;"BARNES & NOBLE INC";103002
RA;774807;"RDA Holding Co.";104001
GHDX;776327;"GENOMIC HEALTH INC";106001
BRSS;778121;"GLOBAL BRASS & COPPER HOLDINGS, INC.";100001
SRCI;786501;"SRC Energy Inc.";107002
LGCY;795422;"Legacy Reserves Inc.";107002
IMDZ;809437;"IMMUNE DESIGN CORP.";106002
CHJI;815913;"CHINA CHANGJIANG MINING & NEW ENERGY COMPANY, LTD.";
OMED;819110;"OncoMed Pharmaceuticals Inc";106002
AB;823898;"ALLIANCEBERNSTEIN HOLDING L.P.";104001
GAMZ;847387;"Gamzio Mobile, Inc.";
CCE;849813;"COCA-COLA REFRESHMENTS USA, INC.";102005
YGYI;858111;"Youngevity International, Inc.";102002
KONA;884107;"KONA GRILL INC";103003
SWI;885119;"SolarWinds, Inc.";101003
CBLK;896985;"Carbon Black, Inc.";101003
ECA;897579;"ENCANA CORP";107002
ANDX;904346;"ANDEAVOR LOGISTICS LP";107003
JAKK;908372;"JAKKS PACIFIC INC";103015
AREX;919131;"Approach Resources Inc";
CYIG;947023;"SPRING PHARMACEUTICAL GROUP, INC.";
LSYN;954544;"Liberated Syndication Inc.";
VIAB;378236;"Viacom Inc.";103001
JACK;682281;"JACK IN THE BOX INC /NEW/";103003
SYMC;427444;"SYMANTEC CORP";101003
S;353395;"SPRINT Corp";108001
FRD;543788;"FRIEDMAN INDUSTRIES INC";110007
WSTL;543789;"WESTELL TECHNOLOGIES INC";101005
Mark;652365;"REMARK HOLDINGS, INC.";101002
NUAN;448077;"Nuance Communications Inc";101003
NWS;160346;"NEWS CORP";103001
GEOS;357500;"GEOSPACE TECHNOLOGIES CORP";107004
VLRX;867483;"Valeritas Holdings Inc.";106003
ABMC;160965;"AMERICAN BIO MEDICA CORP";106002
RMBL;647388;"RumbleON, Inc.";103002
MNTM;629989;"Mount TAM Biotechnologies, Inc.";
SORL;543973;"SORL Auto Parts Inc";103005
NTRI;346874;"NUTRI SYSTEM INC /DE/";103020
IMPV;131347;"IMPERVA INC";101003
SMA;893218;"Symmetry Medical Inc.";
CIDM;620342;"Cinedigm Corp.";103001
YOGA;826179;"YogaWorks, Inc.";103020
ARQL;795983;"ARQULE INC";106002
CALL;144735;"MAGICJACK VOCALTEC LTD";108001
CMLS;659310;"CUMULUS MEDIA INC";103001
TLCC;156530;"TWINLAB CONSOLIDATED HOLDINGS, INC.";
LEE;652664;"LEE ENTERPRISES, INC";103026
SHOR;231330;"ShoreTel Inc";101005
PRXL;210352;"PAREXEL INTERNATIONAL CORP";106001
IFON;689587;"Cool Holdings, Inc.";101005
WAIR;359379;"Wesco Aircraft Holdings, Inc";100005
PCMI;898543;"PCM, INC.";101001
ALJJ;374775;"ALJ REGIONAL HOLDINGS INC";100002
TUES;668563;"TUESDAY MORNING CORP/DE";102001
AVNW;208290;"AVIAT NETWORKS, INC.";101005
CMRO;692525;"COMARCO INC";101005
AOSL;175314;"ALPHA & OMEGA SEMICONDUCTOR Ltd";101004
WDC;250582;"WESTERN DIGITAL CORP";101001
COTY;376164;"COTY INC.";102002
NWY;33184;"New York & Company, Inc.";103002
HOME;233408;"At Home Group Inc.";103002
COOL;546690;"COOL TECHNOLOGIES, INC.";106002
BVSN;156413;"BROADVISION INC";101003
NWGI;360213;"Newgioco Group, Inc.";
LMB;733746;"Limbach Holdings, Inc.";100003
BGG;252726;"BRIGGS & STRATTON CORP";100001
ACLZ;655300;"Accelerize Inc.";
UBNT;503387;"Ubiquiti Networks, Inc.";101005
GRMM;647541;"Grom Social Enterprises, Inc.";
ITG;142922;"INVESTMENT TECHNOLOGY GROUP, INC.";104003
ALR;139220;"ALERE INC.";106001
SNI;378211;"Scripps Networks Interactive Inc.";103001
SMRT;45048;"STEIN MART INC";103002
JILL;680726;"J.Jill, Inc.";103002
IHT;244789;"INNSUITES HOSPITALITY TRUST";109001
AAC;939324;"AAC Holdings, Inc.";
LTRX;172507;"LANTRONIX INC";101005
SSI;42463;"STAGE STORES INC";103002
VOXX;672273;"VOXX International Corp";103005
CGA;532888;"China Green Agriculture, Inc.";110003
VNCE;198318;"VINCE HOLDING CORP.";103004
SOTK;94282;"SONO TEK CORP";101001
PIR;244053;"PIER 1 IMPORTS INC/DE";103002
PKE;89458;"PARK ELECTROCHEMICAL CORP";101004
VIDE;95336;"VIDEO DISPLAY CORP";101001
LEA;610198;"LEAR CORP";103005
CLF;754906;"CLEVELAND-CLIFFS INC.";110004
XLNX;396684;"XILINX INC";101004
LOGI;353811;"LOGITECH INTERNATIONAL SA";101001
SCSC;177685;"SCANSOURCE INC";101001
QSII;497184;"QUALITY SYSTEMS, INC";101003
RTN;354596;"RAYTHEON CO/";100008
UPS;106423;"UNITED PARCEL SERVICE INC";100010
HAS;249756;"HASBRO INC";103015
KIM;378175;"Kimco Realty";109001
PMD;512201;"PSYCHEMEDICS CORP";106001
UTX;261978;"UNITED TECHNOLOGIES CORP /DE/";100008
VTR;398980;"VENTAS INC";109001
CUBE;117529;CubeSmart;109001
ITW;378165;"Illinois Tool Works";100001
EME;446597;"Emcor Group Inc";100003
EIX;378134;"Edison International";105001
AGYS;249502;"AGILYSYS INC";101003
FSLR;260908;"FIRST SOLAR, INC.";101004
BC;121407;"BRUNSWICK CORP";103015
ON;136025;"ON SEMICONDUCTOR CORP";101004
RGS;171506;"REGIS CORP";103020
ERIE;446629;"Erie Indemnity Co";104003
FTV;378151;"Fortive Corp";101001
AIMC;773555;"Altra Industrial Motion Corp.";100001
ROCK;548420;"GIBRALTAR INDUSTRIES, INC.";110005
PETS;820678;"PETMED EXPRESS INC";102001
RRC;110931;"RANGE RESOURCES CORP";107002
FHB;210774;"FIRST HAWAIIAN, INC.";104002
DRQ;113753;"DRIL-QUIP INC";107004
BCO;494050;"BRINKS CO";100007
POOL;448357;"Pool Corp";103015
CRUS;674434;"CIRRUS LOGIC INC";101004
AN;66437;"AUTONATION, INC.";103005
ABBV;61199;"AbbVie Inc.";106005
RCL;403292;"ROYAL CARIBBEAN CRUISES LTD";103015
R;378210;"Ryder System";100007
FLEX;116586;"FLEXTRONICS INTERNATIONAL LTD.";101001
CDR;664567;"CEDAR REALTY TRUST, INC.";109001
ENVA;625336;"Enova International, Inc.";104007
ACCO;120923;"ACCO BRANDS Corp";100001
FET;124637;"FORUM ENERGY TECHNOLOGIES, INC.";107004
CLR;101392;"CONTINENTAL RESOURCES, INC";107002
FMC;378149;"FMC Corporation";110001
NI;119873;"NISOURCE INC/DE";105001
AKS;671046;"AK STEEL HOLDING CORP";110007
AAWW;762204;"ATLAS AIR WORLDWIDE HOLDINGS INC";100010
BOKF;344670;"BOK FINANCIAL CORP ET AL";104002
SPNE;147451;"SeaSpine Holdings Corp";106004
CB;378112;"Chubb Limited";104006
MCK;380928;"MCKESSON CORP";106014
ALSN;445706;"Allison Transmission Holdings Inc";103005
AMCX;445716;"Amc Networks Inc";103001
ACAD;445591;"Acadia Pharmaceuticals Inc";106002
IVZ;378170;"Invesco Ltd.";104001
ETSY;469839;"ETSY INC";103002
ANIK;823284;"Anika Therapeutics, Inc.";106002
HCCI;861202;"Heritage-Crystal Clean, Inc.";100001
ECL;378133;"Ecolab Inc.";110001
OPY;505723;"OPPENHEIMER HOLDINGS INC";104003
MPX;953278;"MARINE PRODUCTS CORP";103015
LH;378177;"Laboratory Corp. of America Holding";106001
ABG;545489;"ASBURY AUTOMOTIVE GROUP INC";103005
LIVN;678892;"LivaNova PLC";106004
APPF;959861;"APPFOLIO INC";101003
CDNA;171003;"CareDx, Inc.";106001
EVA;900872;"Enviva Partners, LP";110002
BLUE;787981;"bluebird bio, Inc.";106002
NVCR;440850;"Novocure Ltd";106003
DMRC;110139;"Digimarc CORP";101003
INT;344219;"WORLD FUEL SERVICES CORP";107001
AKRX;195622;"AKORN INC";106005
CCK;446122;"Crown Holdings Inc";103018
WAL;345773;"WESTERN ALLIANCE BANCORPORATION";104002
Golf;370220;"Acushnet Holdings Corp.";103015
STI;335922;"SUNTRUST BANKS INC";104002
XYL;124467;"Xylem Inc.";100001
EGHT;36662;"8X8 INC /DE/";101003
AGR;709430;"Avangrid, Inc.";105001
SONS;909370;"Ribbon Communications Inc.";108001
MUR;333627;"MURPHY OIL CORP /DE";107002
AAON;919501;"AAON INC";100001
BOOT;39510;"Boot Barn Holdings, Inc.";103002
PBH;641370;"Prestige Brands Holdings, Inc.";106014
HMHC;651625;"Houghton Mifflin Harcourt Co";102006
RAIL;543593;"FreightCar America, Inc.";100010
MC;878834;"Moelis & Co";104001
STLD;978926;"STEEL DYNAMICS INC";110007
LSI;901127;"LIFE STORAGE, INC.";109001
CRTO;884751;"Criteo S.A.";101002
STBA;347280;"S&T BANCORP INC";104002
MSI;333970;"Motorola Solutions, Inc.";101005
ABMD;445587;"Abiomed Inc";106004
RS;448547;"Reliance Steel & Aluminum Co";110007
WSBC;739365;"WESBANCO INC";104002
AVP;335142;"AVON PRODUCTS INC";102002
W;417451;"Wayfair Inc.";103002
FCPT;623532;"Four Corners Property Trust, Inc.";109001
CTSH;128066;"COGNIZANT TECHNOLOGY SOLUTIONS CORP";101003
ALGN;445691;"Align Technology Inc";106004
CSLT;494803;"CASTLIGHT HEALTH, INC.";101003
TWLO;670420;"TWILIO INC";101003
WPX;449237;"WPX Energy Inc";107002
CRVS;808943;"Corvus Pharmaceuticals, Inc.";106002
APA;254576;"APACHE CORP";107002
SRCL;101113;"STERICYCLE INC";100004
EQT;378136;"EQT Corporation";107002
VFC;330907;"V F CORP";103004
MAN;348449;"ManpowerGroup Inc.";100011
FLR;378148;"Fluor Corp.";100003
LYV;682157;"Live Nation Entertainment, Inc.";103001
ZNGA;418866;"ZYNGA INC";101003
CDW;683318;"CDW Corp";101003
HLS;117690;"HEALTHSOUTH CORP";106011
FLIR;367930;"FLIR SYSTEMS INC";101001
EXTR;187330;"EXTREME NETWORKS INC";101005
WFC;58953;"WELLS FARGO & COMPANY/MN";104002
ALGT;735180;"Allegiant Travel CO";100006
PWR;378205;"Quanta Services Inc.";100003
WINA;102395;"WINMARK CORP";103002
TXRH;821877;"Texas Roadhouse, Inc.";103003
EXP;110585;"EAGLE MATERIALS INC";110005
PLPC;728955;"PREFORMED LINE PRODUCTS CO";101001
PRTS;675964;"U.S. Auto Parts Network, Inc.";103002
AMG;62475;"AFFILIATED MANAGERS GROUP, INC.";104001
CNSL;897291;"Consolidated Communications Holdings, Inc.";108001
ROP;119446;"ROPER TECHNOLOGIES INC";100001
GNTX;327200;"GENTEX CORP";103005
SWM;803493;"SCHWEITZER MAUDUIT INTERNATIONAL INC";110002
SAFT;250043;"SAFETY INSURANCE GROUP INC";104006
JBHT;378173;"J. B. Hunt Transport Services";100010
MPWR;118204;"MONOLITHIC POWER SYSTEMS INC";101004
EMN;122948;"EASTMAN CHEMICAL CO";110001
LPG;976577;"DORIAN LPG LTD.";
CFMS;613117;"ConforMIS Inc";106003
NAVI;551008;"NAVIENT CORP";104007
SRE;378214;"Sempra Energy";105001
OMCL;495083;"OMNICELL, Inc";101003
MHK;333439;"MOHAWK INDUSTRIES INC";103004
BJRI;537369;"BJs RESTAURANTS INC";103003
D;189087;"DOMINION RESOURCES INC /VA/";105001
UA;80553;"Under Armour, Inc.";103004
GPOR;785453;"GULFPORT ENERGY CORP";107002
APPS;826035;"Digital Turbine, Inc.";101003
HHC;136247;"Howard Hughes Corp";109002
PJT;158528;"PJT Partners Inc.";104003
NPTN;364355;"NEOPHOTONICS CORP";101004
RGA;448474;"Reinsurance Group Of America Inc";104013
CPT;446323;"Camden Property Trust";109001
ALEX;664573;"Alexander & Baldwin, Inc.";109001
SMSI;504067;"SMITH MICRO SOFTWARE INC";101003
CCI;378122;"Crown Castle International Corp.";108001
MOBL;118286;"MOBILEIRON, INC.";
CY;526074;"CYPRESS SEMICONDUCTOR CORP /DE/";101004
VSTM;135964;"Verastem, Inc.";106002
MDR;638112;"MCDERMOTT INTERNATIONAL INC";107004
MPC;353184;"Marathon Petroleum Corp";107001
PNFP;783539;"PINNACLE FINANCIAL PARTNERS INC";104002
BIO;130356;"BIO RAD LABORATORIES INC";106001
IFF;378169;"Intl Flavors & Fragrances";110001
HLI;65213;"HOULIHAN LOKEY, INC.";104003
CBSH;593216;"COMMERCE BANCSHARES INC /MO/";104002
BMRN;135371;"BIOMARIN PHARMACEUTICAL INC";106002
AMOT;126799;"ALLIED MOTION TECHNOLOGIES INC";101001
QRVO;35151;"Qorvo, Inc.";101004
SRRA;809435;"Sierra Oncology, Inc.";106002
HABT;639722;"Habit Restaurants, Inc.";103003
SUP;826868;"SUPERIOR INDUSTRIES INTERNATIONAL INC";103005
TRMB;627855;"TRIMBLE INC.";101001
CRC;822165;"California Resources Corp";107002
UVE;529179;"UNIVERSAL INSURANCE HOLDINGS, INC.";104006
DCPH;785694;"Deciphera Pharmaceuticals, Inc.";106002
GSIT;48159;"GSI TECHNOLOGY INC";101004
OII;638114;"OCEANEERING INTERNATIONAL INC";107004
TPB;58275;"Turning Point Brands, Inc.";102003
PNC;348075;"PNC FINANCIAL SERVICES GROUP, INC.";104002
NOVT;728364;"NOVANTA INC";101001
RCUS;790458;"Arcus Biosciences, Inc.";106002
CLAR;569146;"Clarus Corp";103015
KKR;805180;"KKR & Co. Inc.";104001
GRPN;639037;"Groupon, Inc.";101002
NERV;254280;"Minerva Neurosciences, Inc.";106002
AMSC;33387;"AMERICAN SUPERCONDUCTOR CORP /DE/";101001
AFG;485236;"AMERICAN FINANCIAL GROUP INC";104006
XEC;378115;"Cimarex Energy";107002
EXR;130051;"Extra Space Storage Inc.";109001
FRGI;625539;"Fiesta Restaurant Group, Inc.";103003
XNCR;781832;"Xencor Inc";106002
EVLO;807946;"Evelo Biosciences, Inc.";106002
ICPT;72077;"INTERCEPT PHARMACEUTICALS INC";106002
ROL;744726;"ROLLINS INC";100002
RT;330525;"RUBY TUESDAY INC";103003
CZR;821879;"CAESARS ENTERTAINMENT Corp";103015
MS;86439;"MORGAN STANLEY";104003
VEC;710316;"Vectrus, Inc.";100002
ARLP;786231;"ALLIANCE RESOURCE PARTNERS LP";110006
NLST;164920;"NETLIST INC";101004
MYL;333504;"Mylan N.V.";106005
CSWI;49347;"CSW INDUSTRIALS, INC.";100001
LOV;147014;"SPARK NETWORKS INC";101002
TRNS;60740;"TRANSCAT INC";101001
DLX;639822;"DELUXE CORP";100002
CCXI;795982;"ChemoCentryx, Inc.";106002
NHTC;511953;"NATURAL HEALTH TRENDS CORP";102002
RIGL;909018;"RIGEL PHARMACEUTICALS INC";106002
REAL;978937;"TheRealReal, Inc.";103002
IMGN;82671;"IMMUNOGEN INC";106002
OFLX;728561;"Omega Flex, Inc.";100001
WTR;449267;"Aqua America Inc";105001
UIHC;774910;"UNITED INSURANCE HOLDINGS CORP.";104006
TEN;534666;"TENNECO INC";103005
ITCI;825240;"Intra-Cellular Therapies, Inc.";106002
AAN;441241;"AARON'S INC";100007
CTIC;809274;"CTI BIOPHARMA CORP";106002
BHF;696260;"Brighthouse Financial, Inc.";104004
AFI;155205;"Armstrong Flooring, Inc.";110005
NWL;378194;"Newell Rubbermaid Co.";102002
PKI;378197;PerkinElmer;106001
AGNC;445654;"American Capital Agency Corp";109001
AVGR;896087;"Avinger Inc";106004
PI;182875;"IMPINJ INC";101001
TYME;809189;"TYME TECHNOLOGIES, INC.";106002
FIVN;901361;"Five9, Inc.";101003
CPSI;497906;"Computer Programs & Systems Inc";101003
IPAR;853111;"INTER PARFUMS INC";102002
EVH;146041;"Evolent Health, Inc.";101003
EVRI;917372;"Everi Holdings Inc.";
ZBH;378249;"Zimmer Biomet Holdings";106004
MAR;98192;"MARRIOTT INTERNATIONAL INC /MD/";103015
MET;380562;"METLIFE INC";104004
CHK;378111;"Chesapeake Energy";107002
MGM;139431;"MGM Resorts International";103015
AVB;66223;"AVALONBAY COMMUNITIES INC";109001
ARNC;195506;Arconic;100001
CNK;760762;"Cinemark Holdings, Inc.";103001
LEG;378178;"Leggett & Platt";103004
BGSF;346052;"BG Staffing, Inc.";100011
LKQ;124743;"LKQ CORP";103005
Mac;378184;Macerich;109001
IPI;260195;"Intrepid Potash, Inc.";110003
FMBH;743187;"FIRST MID ILLINOIS BANCSHARES INC";104002
SHO;448662;"Sunstone Hotel Investors Inc";109001
WRI;449242;"Weingarten Realty Investors";109001
OXFD;124252;"Oxford Immunotec Global PLC";106001
OUT;706846;"OUTFRONT Media Inc.";109001
SNCR;747268;"SYNCHRONOSS TECHNOLOGIES INC";101003
HCHC;625571;"HC2 HOLDINGS, INC.";108001
FNJN;679470;"FINJAN HOLDINGS, INC.";101003
BBSI;684470;"BARRETT BUSINESS SERVICES INC";100011
SWX;448826;"Southwest Gas Corp";105001
LUNA;816577;"LUNA INNOVATIONS INC";101001
HGEN;263238;"KALOBIOS PHARMACEUTICALS INC";
ZYNE;901704;"Zynerba Pharmaceuticals, Inc.";106002
JCS;945747;"COMMUNICATIONS SYSTEMS INC";108001
UPWK;898008;"Upwork Inc.";101002
PGR;378203;"Progressive Corp.";104006
PPL;26853;"PPL Corp";105001
ARA;84598;"American Renal Associates Holdings, Inc.";106001
MTBC;497698;"MEDICAL TRANSCRIPTION BILLING, CORP";101003
ARAY;173115;"ACCURAY INC";106004
GERN;793173;"GERON CORP";106002
TUP;125534;"TUPPERWARE BRANDS CORP";103018
NEWR;908918;"NEW RELIC, INC.";101003
SERV;749230;"SERVICEMASTER GLOBAL HOLDINGS INC";100002
FLO;531177;"FLOWERS FOODS INC";102002
TTGT;652015;"TechTarget Inc";101002
TBIO;941303;"Translate Bio, Inc.";
FPRX;378616;"FIVE PRIME THERAPEUTICS INC";106002
CLBS;798466;"CALADRIUS BIOSCIENCES, INC.";106002
TLRA;646927;"Telaria, Inc.";101003
MBWM;815912;"MERCANTILE BANK CORP";104002
ORLY;334679;"O REILLY AUTOMOTIVE INC";103002
JLL;122208;"JONES LANG LASALLE INC";109002
LTRPA;651624;"Liberty TripAdvisor Holdings, Inc.";101002
BHE;95106;"BENCHMARK ELECTRONICS INC";101001
NEPH;138152;"NEPHROS INC";106003
NUE;334772;"NUCOR CORP";110007
TRIP;89539;"TripAdvisor, Inc.";103015
CME;378116;"CME Group Inc.";104003
TCX;651784;"TUCOWS INC /PA/";101002
FSCT;897042;"FORESCOUT TECHNOLOGIES, INC";101003
EA;372651;"ELECTRONIC ARTS INC.";101003
ENS;35886;EnerSys;101001
OMI;347188;"OWENS & MINOR INC/VA/";106014
VER;543421;"VEREIT, Inc.";109001
BLCM;808260;"BELLICUM PHARMACEUTICALS, INC";106002
BAX;254808;"BAXTER INTERNATIONAL INC";106003
WNC;109798;"WABASH NATIONAL CORP /DE";100012
MGNX;790123;"MACROGENICS INC";106002
WBC;102132;"WABCO Holdings Inc.";103005
NLNK;809595;"NEWLINK GENETICS CORP";106002
LBTYA;670717;"Liberty Global plc";108001
MCHP;333440;"MICROCHIP TECHNOLOGY INC";101004
WYNN;378245;"Wynn Resorts Ltd";103015
BR;143497;"BROADRIDGE FINANCIAL SOLUTIONS, INC.";100002
ICHR;926863;"ICHOR HOLDINGS, LTD.";
BABY;497305;"Natus Medical Inc";106004
VSLR;809892;"Vivint Solar, Inc.";101004
IONS;855206;"IONIS PHARMACEUTICALS INC";106002
OMP;914862;"Oasis Midstream Partners LP";
SCOR;896179;"COMSCORE, INC.";103011
SGMO;773304;"SANGAMO THERAPEUTICS, INC";106002
CVGI;773452;"Commercial Vehicle Group, Inc.";103005
GEL;767446;"GENESIS ENERGY LP";107003
PXD;378199;"Pioneer Natural Resources";107002
MLAB;43619;"MESA LABORATORIES INC /CO";101001
ELY;434282;"CALLAWAY GOLF CO";103015
TPIC;180206;"TPI COMPOSITES, INC";100001
AYR;825458;"Aircastle LTD";100007
LTHM;920443;"Livent Corp.";
PDFS;606334;"PDF SOLUTIONS INC";101003
UBER;914943;"Uber Technologies, Inc";103015
BFAM;132997;"BRIGHT HORIZONS FAMILY SOLUTIONS INC.";103020
CBG;378105;"CBRE Group";109002
ALB;132877;"ALBEMARLE CORP";110001
UHAL;449042;Amerco;100007
TECH;176917;"BIO-TECHNE Corp";106002
AES;62329;"AES CORP";105001
CWEN;904225;"Clearway Energy, Inc.";105001
MRSN;808876;"Mersana Therapeutics, Inc.";106002
PODD;349262;"INSULET CORP";106003
EOG;100699;"EOG RESOURCES INC";107002
MKSI;447843;"MKS Instruments Inc";101001
IBOC;369401;"INTERNATIONAL BANCSHARES CORP";104002
REI;942590;"RING ENERGY, INC.";
RL;331016;"RALPH LAUREN CORP";103004
HRTG;640779;"Heritage Insurance Holdings, Inc.";104006
CNDT;716302;"CONDUENT Inc";100002
AJX;90767;"Great Ajax Corp.";109001
AE;191518;"ADAMS RESOURCES & ENERGY, INC.";107005
PGC;726431;"PEAPACK GLADSTONE FINANCIAL CORP";104002
SLG;127650;"SL GREEN REALTY CORP";109001
CRIS;168118;"CURIS INC";106002
IVDN;258246;"INNOVATIVE DESIGNS INC";103002
PGNX;795979;"PROGENICS PHARMACEUTICALS INC";106002
TZOO;515536;TRAVELZOO;101002
GMED;617302;"GLOBUS MEDICAL INC";106004
FNB;446814;"FNB Corp";104002
GRUB;433759;"GrubHub Inc.";101002
KRO;726370;"KRONOS WORLDWIDE INC";110001
HEAR;817639;"Turtle Beach Corp";101005
TGNA;378222;Tegna;103001
EB;909936;"Eventbrite, Inc.";101003
UFS;890747;"Domtar CORP";110002
BCOR;651518;"BLUCORA, INC.";104001
WEC;378244;"Wisconsin Energy Corporation";105001
RYAM;124551;"RAYONIER ADVANCED MATERIALS INC.";110001
ALTR;686620;"Altair Engineering Inc.";101003
PACB;81196;"PACIFIC BIOSCIENCES OF CALIFORNIA, INC.";106001
SEAS;785588;"SeaWorld Entertainment, Inc.";103015
CMCO;899253;"COLUMBUS MCKINNON CORP";100009
VGR;726203;"VECTOR GROUP LTD";102003
FOSL;419656;"Fossil Group, Inc.";103004
MGEE;703431;"MGE ENERGY INC";105001
PGTI;127570;"PGT, Inc.";110005
AAOI;671827;"APPLIED OPTOELECTRONICS, INC.";101004
NCR;854994;"NCR CORP";101003
ACLS;670942;"AXCELIS TECHNOLOGIES INC";101004
RESI;137841;"Altisource Residential Corp";104001
ADRO;781554;"ADURO BIOTECH, INC.";106002
ATVI;243;"Activision Blizzard";101003
NKTR;526216;"NEKTAR THERAPEUTICS";106002
BNFT;967945;Benefitfocus,Inc.;101002
PK;641161;"Park Hotels & Resorts Inc.";109001
DPS;378130;"Dr Pepper Snapple Group";102005
TRUE;81812;"TrueCar, Inc.";101002
PBYI;668565;"PUMA BIOTECHNOLOGY, INC.";106002
ZGNX;816789;"ZOGENIX, INC.";106005
ULH;682408;"UNIVERSAL LOGISTICS HOLDINGS, INC.";100010
LCUT;276271;"LIFETIME BRANDS, INC";103004
SYNA;260659;"SYNAPTICS Inc";101003
GRA;127797;"W R GRACE & CO";110001
DISCA;120376;"Discovery Communications, Inc.";103001
NATR;687929;"NATURES SUNSHINE PRODUCTS INC";102002
GLP;861498;"GLOBAL PARTNERS LP";107003
TGI;629705;"TRIUMPH GROUP INC";100008
PFE;262090;"PFIZER INC";106005
ETE;767563;"Energy Transfer LP";107003
ZIOP;795980;"ZIOPHARM ONCOLOGY INC";106002
CAH;159950;"CARDINAL HEALTH INC";106014
ACRX;113247;"ACELRX PHARMACEUTICALS INC";106004
SJI;525920;"SOUTH JERSEY INDUSTRIES INC";105001
PAH;687589;"Platform Specialty Products Corp";110001
BBGI;652265;"BEASLEY BROADCAST GROUP INC";103001
ANGI;647538;"ANGI Homeservices Inc.";101002
GWRS;761716;"Global Water Resources, Inc.";105001
IAC;647051;IAC/INTERACTIVECORP;101002
KOPN;807728;"KOPIN CORP";101004
CNP;378108;"CenterPoint Energy";105001
LFGR;652547;"LEAF GROUP LTD.";101002
MTCH;647179;"Match Group, Inc.";101002
XRAY;378126;"Dentsply Sirona";106003
BK;467599;"Bank of New York Mellon Corp";104001
CPRI;38287;"Capri Holdings Ltd";103004
ADVM;702608;"Adverum Biotechnologies, Inc.";106002
AVA;703252;"AVISTA CORP";105001
ES;378141;"Eversource Energy";105001
ITI;59550;"ITERIS, INC.";101005
XONE;823071;"ExOne Co";100001
FISV;378146;"Fiserv Inc";100002
NBL;249388;"NOBLE ENERGY INC";107002
UTMD;515633;"UTAH MEDICAL PRODUCTS INC";106003
MVIS;815811;"MICROVISION, INC.";101001
DVAX;138695;"DYNAVAX TECHNOLOGIES CORP";106002
SNH;448715;"Senior Housing Properties Trust";109001
TRC;669774;"TEJON RANCH CO";109002
PSTI;201828;"PLURISTEM THERAPEUTICS INC";106002
LKSD;941948;"LSC Communications, Inc.";
SRT;144111;"StarTek, Inc.";100002
HMTV;652016;"HEMISPHERE MEDIA GROUP, INC.";108001
PNW;327292;"PINNACLE WEST CAPITAL CORP";105001
PESI;664574;"PERMA FIX ENVIRONMENTAL SERVICES INC";100004
RCII;515845;"RENT A CENTER INC DE";100007
SPPI;53529;"SPECTRUM PHARMACEUTICALS INC";106002
ATRO;683677;"ASTRONICS CORP";100008
ONVO;53151;"ORGANOVO HOLDINGS, INC.";106001
TWI;795301;"TITAN INTERNATIONAL INC";100009
LXRX;56235;"LEXICON PHARMACEUTICALS, INC.";106002
EEFT;484269;"EURONET WORLDWIDE INC";100002
PACW;537548;"PACWEST BANCORP";104002
COLM;446285;"Columbia Sportswear Co";103004
CTMX;789985;"CytomX Therapeutics, Inc.";106002
HGR;626019;"HANGER, INC.";
BKI;889703;"Black Knight, Inc.";101003
PRSC;492538;"PROVIDENCE SERVICE CORP";106011
MCFT;208137;"MCBC Holdings, Inc.";103005
VSTO;158610;"Vista Outdoor Inc.";103015
ZAGG;903954;"ZAGG Inc";103002
ABTL;445589;"Autobytel Inc";101002
NVAX;826389;"NOVAVAX INC";106002
CPS;530203;"Cooper-Standard Holdings Inc.";103005
CVSI;150939;"CV Sciences, Inc.";
GH;882847;"Guardant Health, Inc.";106001
RUSHA;909600;"RUSH ENTERPRISES INC \TX\";103005
FITB;378145;"Fifth Third Bancorp";104002
DXPE;674720;"DXP ENTERPRISES INC";100005
QUOT;651172;"Quotient Technology Inc.";103011
APVO;819111;"Aptevo Therapeutics Inc.";106002
OPRX;654256;"OptimizeRx Corp";101003
RKDA;824887;"Arcadia Biosciences, Inc.";110003
ANSS;126145;"ANSYS INC";101003
ALSK;899013;"ALASKA COMMUNICATIONS SYSTEMS GROUP INC";108001
GLYC;790345;"GLYCOMIMETICS INC";106002
AGCO;365265;"AGCO CORP /DE";100009
SDPI;745554;"Superior Drilling Products, Inc.";107004
ALRN;815574;"AILERON THERAPEUTICS INC";106002
NK;786262;"NantKwest, Inc.";106002
TRNC;627811;"tronc, Inc.";103026
SEE;378213;"Sealed Air";103018
CAKE;817638;"CHEESECAKE FACTORY INC";103003
AIZ;66661;"ASSURANT INC";104005
NLSN;333689;"Nielsen Holdings plc";100002
SCHW;378109;"Charles Schwab Corporation";104003
HIL;420734;"Hill International, Inc.";100002
MNST;333441;"Monster Beverage Corp";102005
BLK;914;"BlackRock, Inc.";104001
LNT;119577;"ALLIANT ENERGY CORP";105001
MRAM;906016;"EVERSPIN TECHNOLOGIES INC";101004
PUB;363174;"People's Utah Bancorp";104002
OTTR;703658;"Otter Tail Corp";105001
AIRI;166965;"AIR INDUSTRIES GROUP";100008
TTWO;372538;"TAKE TWO INTERACTIVE SOFTWARE INC";101003
G;446906;"Genpact LTD";100002
EGY;699964;"VAALCO ENERGY INC /DE/";107002
EE;709578;"EL PASO ELECTRIC CO /TX/";105001
BX;498254;"Blackstone Group L.P.";104001
NRG;378196;"NRG Energy";105002
TR;527072;"TOOTSIE ROLL INDUSTRIES INC";102002
GLUU;85988;"GLU MOBILE INC";101003
SKX;176359;"SKECHERS USA INC";103004
SSP;688615;"E.W. SCRIPPS Co";103001
DBX;808182;"DROPBOX, INC.";101003
DK;823947;"Delek US Holdings, Inc.";107001
HOMB;447371;"Home Bancshares Inc";104002
TTD;650768;"Trade Desk, Inc.";101003
DUK;191249;"Duke Energy CORP";105001
AMH;445723;"American Homes 4 Rent";109001
SFBC;158885;"Sound Financial Bancorp, Inc.";104002
MATX;885542;"Matson, Inc.";100010
NTRA;149288;"Natera, Inc.";106001
ARCB;822441;"ARCBEST CORP /DE/";100010
FLWS;247341;"1 800 FLOWERS COM INC";103002
JCOM;625587;"J2 GLOBAL, INC.";101003
TESS;42813;"TESSCO TECHNOLOGIES INC";101005
LVLT;378179;"Level 3 Communications";108001
AXTI;704072;"AXT INC";101004
EHTH;979798;"eHealth, Inc.";104005
TRNX;920932;"Wright Medical Group N.V.";
NGL;36205;"NGL Energy Partners LP";107001
YELP;440174;YELP;101002
EVC;652141;"ENTRAVISION COMMUNICATIONS CORP";103001
NEOS;160118;"Neos Therapeutics, Inc.";106005
MED;951290;"MEDIFAST INC";
MARA;914944;"Marathon Patent Group, Inc.";
GIDYL;146177;"GI DYNAMICS, INC.";
CHRS;540930;"Coherus BioSciences, Inc.";106002
AAXN;493957;"AXON ENTERPRISE, INC.";100008
AXON;41996;"Axovant Sciences Ltd.";106002
SUPN;445197;"SUPERNUS PHARMACEUTICALS INC";106005
IBKC;129297;"IBERIABANK CORP";104002
TLND;923420;"Talend SA";
BXP;70579;"BOSTON PROPERTIES INC";109001
TRHC;494892;"Tabula Rasa HealthCare, Inc.";101003
ANDE;783409;"Andersons, Inc.";102001
NDLS;759987;"NOODLES & Co";103003
MHH;160053;"Mastech Holdings, Inc.";100011
MEET;652598;"Meet Group, Inc.";101002
IIN;519102;"INTRICON CORP";101001
ARNA;826177;"ARENA PHARMACEUTICALS INC";106002
MMI;134979;"Marcus & Millichap, Inc.";109002
SPRT;533572;"Support.com, Inc.";101003
BSQR;101318;"BSQUARE CORP /WA";101003
MTD;334921;"METTLER TOLEDO INTERNATIONAL INC/";106003
REV;639819;"REVLON INC /DE/";102002
IOTS;884299;"ADESTO TECHNOLOGIES Corp";101004
TAST;625660;"CARROLS RESTAURANT GROUP, INC.";103003
JKHY;447566;"Henry Jack & Associates Inc";100002
AKAM;69211;"AKAMAI TECHNOLOGIES INC";101003
AEE;68703;"AMEREN CORP";105001
OHI;531049;"OMEGA HEALTHCARE INVESTORS INC";109001
UHS;378232;"Universal Health Services, Inc.";106011
QNST;168827;"QUINSTREET, INC";101002
XOG;863612;"Extraction Oil & Gas, Inc.";107002
WIFI;651519;"BOINGO WIRELESS INC";108001
NCLH;744483;"Norwegian Cruise Line Holdings Ltd.";103015
BGCP;625540;"BGC Partners, Inc.";104003
PLNT;948485;"Planet Fitness, Inc.";103020
SMLP;890067;"Summit Midstream Partners, LP";107003
JUVF;141652;"JUNIATA VALLEY FINANCIAL CORP";
ROKU;617783;"ROKU, INC";103001
ACGL;445596;"Arch Capital Group LTD";104013
VRTU;34429;"VIRTUSA CORP";101003
RHE;712450;"REGIONAL HEALTH PROPERTIES, INC";106011
RP;243720;"REALPAGE INC";101003
BGNE;734219;"BeiGene, Ltd.";106002
CUO;884109;"CONTINENTAL MATERIALS CORP";100001
BOX;47121;"BOX INC";101003
CSU;122647;"CAPITAL SENIOR LIVING CORP";106011
BBY;71192;"BEST BUY CO INC";103002
CRM;85017;"SALESFORCE COM INC";101003
CSCO;82202;"CISCO SYSTEMS, INC.";101005
ZUMZ;45730;"Zumiez Inc";103002
TVTY;895523;"TIVITY HEALTH, INC.";106011
M;185124;"Macy's, Inc.";103002
CPN;113443;"CALPINE CORP";105002
NVDA;172199;"NVIDIA CORP";101004
DOCU;810159;"DOCUSIGN INC";101003
RST;985520;"ROSETTA STONE INC";101002
KRA;985521;"Kraton Corp";110001
FARM;968243;"FARMER BROTHERS CO";
TMDX;963380;"TransMedics Group, Inc.";106001
EPD;469948;"ENTERPRISE PRODUCTS PARTNERS L P";107003
WMT;239962;"Walmart Inc";102001
GPS;250974;"GAP INC";103002
RNG;355550;"RingCentral Inc";101003
CYAN;65022;"CYANOTECH CORP";102002
FORR;506742;"FORRESTER RESEARCH, INC.";100002
TWOU;909826;"2U, Inc.";101003
AC;919941;"Associated Capital Group, Inc.";
SYRS;807944;"Syros Pharmaceuticals, Inc.";106002
XBIT;156298;"XBiotech Inc.";106002
FLT;740486;"FLEETCOR TECHNOLOGIES INC";100002
EVI;258455;"EnviroStar, Inc.";103020
CALA;817563;"Calithera Biosciences, Inc.";106002
HD;261673;"HOME DEPOT INC";103002
PRCP;210612;"PERCEPTRON INC/MI";101001
DF;824643;"DEAN FOODS CO";102002
FTI;637893;"TechnipFMC plc";107004
OPHT;131911;"Ophthotech Corp.";106002
MAT;378187;"Mattel Inc.";103015
RGLS;768206;"Regulus Therapeutics Inc.";106002
DYNT;286288;"DYNATRONICS CORP";106004
FONR;512339;"FONAR CORP";106004
ELMD;187864;"Electromed, Inc.";106004
TGTX;785880;"TG THERAPEUTICS, INC.";106002
TUSK;825691;"MAMMOTH ENERGY SERVICES, INC.";107005
SURF;808799;"Surface Oncology, Inc.";106002
AAME;450021;"ATLANTIC AMERICAN CORP";104004
FOE;350054;"FERRO CORP";110001
ATNX;785769;"Athenex, Inc.";106002
AMRK;259435;"A-Mark Precious Metals, Inc.";104003
VRS;548204;"Verso Corp";110002
TDC;378223;"Teradata Corp.";101001
RDNT;143984;"RadNet, Inc.";106001
RUN;148978;"Sunrun Inc.";101004
CNFR;847219;"Conifer Holdings, Inc.";104006
AVEO;809080;"AVEO PHARMACEUTICALS INC";106002
AAP;184955;"ADVANCE AUTO PARTS INC";103002
TSE;530044;"Trinseo S.A.";110001
JBLU;720902;"JETBLUE AIRWAYS CORP";100006
TGLO;653964;"THEGLOBE COM INC";101002
UMBF;256663;"UMB FINANCIAL CORP";104002
ZAYO;694556;"Zayo Group Holdings, Inc.";101005
EPE;716965;"EP Energy Corp";107002
ES_old;446632;"Energysolutions Inc";105001
MACK;819013;"MERRIMACK PHARMACEUTICALS INC";106002
ADSK;185035;"AUTODESK INC";101003
WR;351692;"WESTAR ENERGY INC /KS";105001
ADES;619745;"Advanced Emissions Solutions, Inc.";100001
BBT;245217;"BB&T CORP";104002
MDP;253689;"MEREDITH CORP";103026
PTE;184064;PolarityTE;106002
ISBC;641029;"Investors Bancorp, Inc.";104002
AEIS;574583;"ADVANCED ENERGY INDUSTRIES INC";101001
DS;816790;"Drive Shack Inc.";103015
HALO;365463;"HALOZYME THERAPEUTICS INC";106002
LHCG;693030;"LHC Group, Inc";106011
JSDA;727078;"JONES SODA CO";102005
BSTC;822442;"BIOSPECIFICS TECHNOLOGIES CORP";106002
CSOD;747052;"Cornerstone OnDemand Inc";101003
BREW;63411;"CRAFT BREW ALLIANCE, INC.";102004
NSPR;143799;"InspireMD, Inc.";106004
VDSI;147770;"VASCO DATA SECURITY INTERNATIONAL INC";101003
SGA;652364;"SAGA COMMUNICATIONS INC";103001
RES;448466;"RPC Inc";107004
KWR;116818;"QUAKER CHEMICAL CORP";110001
HST;346970;"HOST HOTELS & RESORTS, INC.";109001
FGEN;781665;"FIBROGEN INC";106002
FOLD;143587;"AMICUS THERAPEUTICS INC";106002
ULTI;373736;"ULTIMATE SOFTWARE GROUP INC";101003
TDW;419436;"TIDEWATER INC";107004
IBKR;718957;"Interactive Brokers Group, Inc.";104003
UMRX;808945;"Unum Therapeutics Inc.";106002
STMP;650092;"STAMPS.COM INC";101003
FSI;684672;"FLEXIBLE SOLUTIONS INTERNATIONAL INC";110001
SOHO;158088;"Sotherly Hotels Inc.";109001
SSNT;511627;"SilverSun Technologies, Inc.";101003
ESDI;646929;"Eastside Distilling, Inc.";102004
TBTC;263057;"TABLE TRAC INC";103001
SBGI;132115;"SINCLAIR BROADCAST GROUP INC";103001
ICUI;550676;"ICU MEDICAL INC/DE";106003
ETM;550551;"ENTERCOM COMMUNICATIONS CORP";103001
WATT;816792;"Energous Corp";101001
BSTG;148380;"Biostage, Inc.";106002
PTN;642335;"PALATIN TECHNOLOGIES INC";106001
REED;727073;"REED'S, INC.";102005
INFN;346530;"INFINERA CORP";101005
CYCC;899362;"Cyclacel Pharmaceuticals, Inc.";106002
KANP;275886;"KAANAPALI LAND LLC";
TLRY;816689;"Tilray, Inc.";106005
CWH;744377;"Camping World Holdings, Inc.";103005
OSTK;176064;"OVERSTOCK.COM, INC";103002
TPCS;74307;"TECHPRECISION CORP";
AMDA;498391;"AMEDICA Corp";106004
CRWS;256343;"CROWN CRAFTS INC";103004
IAIC;149465;"INFORMATION ANALYSIS INC";
RWLK;908640;"ReWalk Robotics Ltd.";106004
MJCO;110826;Majesco;101003
XRX;378247;"Xerox Corp.";101003
BTAI;818572;"BioXcel Therapeutics, Inc.";106002
ESP;230667;"ESPEY MFG & ELECTRONICS CORP";101001
SVT;250129;"SERVOTRONICS INC /DE/";101001
SPG;111127;"SIMON PROPERTY GROUP INC /DE/";109001
OCN;544026;"OCWEN FINANCIAL CORP";104002
STLR;895647;"Phunware, Inc.";100013
PSDV;232734;"pSivida Corp.";106005
WESC;662182;"W&E Source Corp.";
REMI;76840;"REMEDENT, INC.";106003
MFON;714287;"MOBIVITY HOLDINGS CORP.";
AHPI;262963;"ALLIED HEALTHCARE PRODUCTS INC";106004
SCND;331831;"SCIENTIFIC INDUSTRIES INC";101001
CSS;702391;"CSS INDUSTRIES INC";103002
CBKM;259775;"CONSUMERS BANCORP INC /OH/";
INFU;371010;"InfuSystem Holdings, Inc";106003
AKER;592461;"Akers Biosciences, Inc.";106003
CASI;877522;"CASI Pharmaceuticals, Inc.";106002
XCO;470616;"EXCO RESOURCES INC";107002
EWBC;335579;"EAST WEST BANCORP INC";104002
ITRI;693852;"ITRON INC /WA/";101001
ASPN;491354;"ASPEN AEROGELS INC";110005
MICR;706150;"MICRON SOLUTIONS INC /DE/";106004
KEM;641260;"KEMET CORP";101001
AMTD;356477;"TD AMERITRADE HOLDING CORP";104003
SSNC;721918;"SS&C Technologies Holdings Inc";101003
TSSI;363007;"TSS, Inc.";104007
SJM;254348;"J M SMUCKER Co";102002
HTGM;702606;"HTG MOLECULAR DIAGNOSTICS, INC";106001
DLTR;378128;"Dollar Tree";102001
PBCT;335764;"People's United Financial, Inc.";104002
SQBG;137237;"Sequential Brands Group, Inc.";103004
BRC;246429;"BRADY CORP";100007
AMP;67872;"AMERIPRISE FINANCIAL INC";104001
HDSN;346795;"HUDSON TECHNOLOGIES INC /NY";100001
GDOT;786096;"GREEN DOT CORP";104007
SINO;257712;"Sino-Global Shipping America, Ltd.";100010
FKWL;286530;"FRANKLIN WIRELESS CORP";101005
VAR;361284;"VARIAN MEDICAL SYSTEMS INC";106004
STML;795984;"STEMLINE THERAPEUTICS INC";106002
PCTI;919132;"PC TEL INC";
DXLG;178401;"DESTINATION XL GROUP, INC.";103002
SRNE;133865;"Sorrento Therapeutics, Inc.";106002
UG;512245;"UNITED GUARDIAN INC";102002
RFP;717558;"Resolute Forest Products Inc.";110002
CLRB;99062;"Cellectar Biosciences, Inc.";106002
WWD;449272;"Woodward Inc";100008
POST;625659;"Post Holdings, Inc.";102002
HTH;492790;"Hilltop Holdings Inc.";104002
VAC;340222;"MARRIOTT VACATIONS WORLDWIDE Corp";103015
TGT;72458;"TARGET CORP";102001
HNNA;366890;"HENNESSY ADVISORS INC";104001
PANW;199345;"Palo Alto Networks Inc";101003
TJX;256569;"TJX COMPANIES INC /DE/";103002
LE;182473;"LANDS' END, INC.";103002
MDT;73420;"Medtronic plc";106004
AVAV;75856;"AeroVironment Inc";100008
COUP;811353;"Coupa Software Inc";101003
BURL;179036;"Burlington Stores, Inc.";102001
DKS;179423;"DICKS SPORTING GOODS INC";103002
SAIC;54785;"Science Applications International Corp";101003
DCI;50564;"DONALDSON CO INC";100001
ALCO;798086;"ALICO INC";102002
MRVL;198029;"MARVELL TECHNOLOGY GROUP LTD";101004
CASY;188690;"CASEYS GENERAL STORES INC";102001
CMTL;48404;"COMTECH TELECOMMUNICATIONS CORP /DE/";101005
BWLA;287640;"BOWL AMERICA INC";103001
DVMT;47385;"Denali Holding Inc.";101003
MTEM;778777;"Molecular Templates, Inc.";106002
DG;80798;"DOLLAR GENERAL CORP";102001
MIK;50465;"Michaels Companies, Inc.";103002
DLTH;50213;"DULUTH HOLDINGS INC.";103002
SANW;246310;"S&W Seed Co";102002
EFOI;807596;"ENERGY FOCUS, INC/DE";103004
PVH;46764;"PVH CORP. /DE/";103004
NTNX;544815;"Nutanix, Inc.";101003
SIG;185651;"SIGNET JEWELERS LTD";103002
MNI;653890;"MCCLATCHY CO";103026
UPLD;668870;"Upland Software, Inc.";101003
SIVB;708168;"SVB FINANCIAL GROUP";104002
HRL;375369;"HORMEL FOODS CORP /DE/";102002
TIF;249289;"TIFFANY & CO";103002
AMBA;50129;"AMBARELLA INC";101004
JBCT;658900;"JOBLOCATIONMAP INC";
PDCO;196179;"PATTERSON COMPANIES, INC.";106014
CLNE;260313;"Clean Energy Fuels Corp.";107001
ZS;896477;"Zscaler, Inc.";101003
VEEV;199530;"VEEVA SYSTEMS INC";101003
TECD;181744;"TECH DATA CORP";101001
ENG;58098;"ENGLOBAL CORP";100003
YEXT;795507;"Yext, Inc.";101003
ULTA;178804;"Ulta Salon, Cosmetics & Fragrance, Inc.";103002
AOBC;952565;"AMERICAN OUTDOOR BRANDS CORP";100008
GIII;183672;"G III APPAREL GROUP LTD /DE/";103004
MEI;64377;"METHODE ELECTRONICS INC";101001
SCWX;201339;"SecureWorks Corp";101003
SFIX;902273;"Stitch Fix, Inc.";103002
IMMY;703115;"Imprimis Pharmaceuticals, Inc.";106005
ALT;511510;"Altimmune, Inc.";106002
HDS;218138;"HD Supply Holdings, Inc.";100005
PSTG;40474;"Pure Storage, Inc.";101001
IAA;968230;"IAA, Inc.";103005
DDOG;963381;"Datadog, Inc.";101003
TROX;627774;"Tronox Ltd";110001
AWX;129218;"AVALON HOLDINGS CORP";100004
ALPN;819011;"ALPINE IMMUNE SCIENCES, INC.";106002
EBIX;147655;"EBIX INC";101003
INTT;645323;"INTEST CORP";101004
ENZ;50379;"ENZO BIOCHEM INC";106001
FTEK;144208;"FUEL TECH, INC.";100001
MICT;706645;"MICT, Inc.";100008
PLAY;44636;"Dave & Buster's Entertainment, Inc.";103003
URBN;46954;"URBAN OUTFITTERS INC";103002
ADIL;807531;"ADIAL PHARMACEUTICALS, INC.";106002
MDB;720635;"MongoDB, Inc.";101003
CMD;52478;"CANTEL MEDICAL CORP";106003
ACY;696963;"AEROCENTURY CORP";100007
MN;826501;"Manning & Napier, Inc.";104001
SDC;969099;"SmileDirectClub, Inc.";106001
ARCI;165913;"APPLIANCE RECYCLING CENTERS OF AMERICA INC /MN";103002
TTOO;728864;"T2 Biosystems, Inc.";106001
KOOL;258731;"CESCA THERAPEUTICS INC.";106004
NICK;141389;"NICHOLAS FINANCIAL INC";104007
UNAM;251597;"UNICO AMERICAN CORP";104006
LGL;528980;"LGL GROUP INC";101001
TENB;896983;"Tenable Holdings, Inc.";101003
GWGH;734810;"GWG Holdings, Inc.";104004
PPSI;88673;"PIONEER POWER SOLUTIONS, INC.";101001
EGLT;286194;"Egalet Corp";106002
CATS;495603;"CATASYS, INC.";106011
NAII;257524;"NATURAL ALTERNATIVES INTERNATIONAL INC";102002
LZB;63005;"LA-Z-BOY INC";103004
INTU;183557;"INTUIT INC";101003
NJR;511242;"NEW JERSEY RESOURCES CORP";105001
CPRT;287342;"COPART INC";103005
AMWD;77084;"AMERICAN WOODMARK CORP";103004
CBRL;37621;"CRACKER BARREL OLD COUNTRY STORE, INC";103003
MOV;250875;"MOVADO GROUP INC";103002
NTAP;183964;"NetApp, Inc.";101001
ADI;65917;"ANALOG DEVICES INC";101004
TFSL;360767;"TFS Financial CORP";104002
GWRE;37120;"Guidewire Software, Inc.";101003
VMW;83200;"VMWARE, INC.";101003
SMTC;185350;"SEMTECH CORP";101004
VRNT;44422;"VERINT SYSTEMS INC";101003
CPB;249099;"CAMPBELL SOUP CO";102002
BNED;75409;"Barnes & Noble Education, Inc.";103002
JWA;195872;"WILEY JOHN & SONS, INC.";103026
CLDR;890662;"Cloudera, Inc.";101003
OKTA;708398;"Okta, Inc.";101003
SPLK;51255;"SPLUNK INC";101003
JCP;180279;"J C PENNEY CO INC";103002
JWN;184768;"NORDSTROM INC";103002
HQY;52958;"HEALTHEQUITY INC";101003
FIVE;902627;"FIVE BELOW, INC";103002
WDAY;186213;"Workday, Inc.";101003
RAVN;664566;"RAVEN INDUSTRIES INC";100001
DY;252287;"DYCOM INDUSTRIES INC";100003
MTN;264322;"VAIL RESORTS INC";103015
AMSWA;196458;"AMERICAN SOFTWARE INC";101003
HRB;506954;"H&R BLOCK INC";103020
ASNA;35533;"Ascena Retail Group, Inc.";103002
TLYS;978925;"TILLY'S, INC.";103002
THO;43246;"THOR INDUSTRIES INC";103005
KSS;186130;"KOHLS Corp";103002
FGP;825012;"FERRELLGAS PARTNERS L P";107001
LB;185942;"L Brands, Inc.";103002
ASPU;652699;"ASPEN GROUP, INC.";102006
IDT;535487;"IDT CORP";108001
AVIR;625536;"Vaxart, Inc.";106002
SFLY;650373;"SHUTTERFLY INC";103020
SNOW;203144;"Intrawest Resorts Holdings, Inc.";
PDLI;533398;"PDL BIOPHARMA, INC.";106002
ASTC;671045;"ASTROTECH Corp";100008
KTEC;368599;"KEY TECHNOLOGY INC";100001
ASNB;72924;"AdvanSource Biomaterials Corp";
GES;181484;"GUESS INC";103002
SCHL;651267;"SCHOLASTIC CORP";103026
WSM;198669;"WILLIAMS SONOMA INC";103002
ISSC;153113;"INNOVATIVE SOLUTIONS & SUPPORT INC";100008
FDX;259098;"FEDEX CORP";100010
AMAT;67102;"APPLIED MATERIALS INC /DE";101004
CIEN;49697;"CIENA CORP";101005
HPQ;184360;"HP INC";101001
LULU;90670;"lululemon athletica inc.";103002
SGMA;231993;"SIGMATRON INTERNATIONAL INC";101001
LAKE;243284;"LAKELAND INDUSTRIES INC";106003
PG;133209;"PROCTER & GAMBLE Co";102002
ANF;188522;"ABERCROMBIE & FITCH CO /DE/";103002
FDS;91248;"FACTSET RESEARCH SYSTEMS INC";104003
FL;47224;"FOOT LOCKER, INC.";103004
VERU;370817;"FEMALE HEALTH CO";106005
ARKR;952460;"ARK RESTAURANTS CORP";
OLLI;102057;"Ollie's Bargain Outlet Holdings, Inc.";102001
ATU;89259;"ACTUANT CORP";100001
GCO;51883;"GENESCO INC";103002
PRKA;954543;"PARKS AMERICA, INC";
KEYS;186556;"Keysight Technologies, Inc.";101001
GIS;78526;"GENERAL MILLS INC";102002
CCF;90312;"CHASE CORP";100001
WGO;670940;"WINNEBAGO INDUSTRIES INC";103005
SGH;630523;"SMART Global Holdings, Inc.";101004
NDSN;188156;"NORDSON CORP";100001
AYI;61705;"ACUITY BRANDS INC";101001
EXPR;50957;"EXPRESS, INC.";103002
ADBE;14099;"Adobe Systems";101003
A;45846;"AGILENT TECHNOLOGIES INC";106001
BKE;196385;"BUCKLE INC";103002
PAYX;106287;"PAYCHEX INC";100002
TTC;181580;"TORO CO";100001
AEO;173396;"AMERICAN EAGLE OUTFITTERS INC";103002
AZO;58197;"AUTOZONE INC";103002
FEIM;118109;"FREQUENCY ELECTRONICS INC";101005
SHLO;202591;"SHILOH INDUSTRIES INC";100001
ONS;908645;"Outlook Therapeutics, Inc.";106002
UPL;700786;"ULTRA PETROLEUM CORP";107002
INFO;330628;"IHS Markit Ltd.";100002
ORCL;257930;"ORACLE CORP";101003
MKC;251282;"MCCORMICK & CO INC";102002
ROST;200092;"ROSS STORES INC";103002
HEI;250786;"HEICO CORP";100008
NKE;101814;"NIKE INC";103004
AVGO;686523;"Broadcom Inc.";101004
ACN;61372;"Accenture plc";108002
RFIL;241093;"R F INDUSTRIES LTD";101001
CBK;100810;"CHRISTOPHER & BANKS CORP";103002
VALU;208845;"VALUE LINE INC";103026
STZ;256994;"CONSTELLATION BRANDS, INC.";102004
MU;60906;"MICRON TECHNOLOGY INC";101004
OXM;185852;"OXFORD INDUSTRIES INC";103004
NAV;203261;"NAVISTAR INTERNATIONAL CORP";100012
PLCE;737152;"Childrens Place, Inc.";103002
VRA;49797;"Vera Bradley, Inc.";103004
CAG;326285;"CONAGRA FOODS INC /DE/";102002
AMCI;654226;"AmeriCann, Inc.";106005
SOLY;987539;"Soliton, Inc.";106001
BMRA;245138;"BIOMERICA INC";106003
TAYD;338837;"TAYLOR DEVICES INC";100001
SMIT;332324;"SCHMITT INDUSTRIES INC";101001
WBA;87466;"Walgreens Boots Alliance, Inc.";102001
TSRI;333363;"TSR INC";101003
MBOT;705845;"Microbot Medical Inc.";106003
OOMA;208053;"OOMA INC";108001
TOL;200636;"TOLL BROTHERS INC";103013
CELH;986557;"Celsius Holdings, Inc.";102005
NEOG;965693;"NEOGEN CORP";106001
KSU;99395;"KANSAS CITY SOUTHERN";100010
PRGS;748103;"PROGRESS SOFTWARE CORP /MA";101003
UNFI;52168;"UNITED NATURAL FOODS INC";102001
VISI;207946;"VOLT INFORMATION SCIENCES, INC.";100011
HIBB;515787;"HIBBETT SPORTS INC";103002
GLGI;178127;"GREYSTONE LOGISTICS, INC.";
DDS;949971;"DILLARD'S, INC.";103002
COO;186450;"COOPER COMPANIES INC";106003
COHR;365654;"COHERENT INC";101001
TITN;825306;"Titan Machinery Inc.";100005
OCC;232540;"OPTICAL CABLE CORP";101005
KIRK;188255;"KIRKLAND'S, INC";103002
LRDC;176863;"Laredo Oil, Inc.";
JBL;79450;"JABIL CIRCUIT INC";101001
GBX;87143;"GREENBRIER COMPANIES INC";100010
GSHD;986860;"Goosehead Insurance, Inc.";104005
DENN;986862;"DENNY'S Corp";103003
RPM;328948;"RPM INTERNATIONAL INC/DE/";110001
GME;44534;"GameStop Corp.";103002
BSET;675839;"BASSETT FURNITURE INDUSTRIES INC";103004
CONN;230908;"CONNS INC";103002
NX;921442;"Quanex Building Products CORP";
TSC;988504;"TriState Capital Holdings, Inc.";104002
ADT;54871;"ADT Inc.";101001
PURE;53064;"PURE BIOSCIENCE, INC.";102002
DE;373449;"DEERE & CO";100009
KR;258154;"KROGER CO";102001
HPE;47023;"Hewlett Packard Enterprise Co";101005
SOFO;374032;"SONIC FOUNDRY INC";101003
ZEDG;372279;"Zedge, Inc.";101003
CFI;209337;"CULP INC";
DOMO;770174;"DOMO, INC.";101003
HOFT;985052;"HOOKER FURNITURE CORP";
SAFM;684669;"SANDERSON FARMS INC";102002
TLRD;929181;"TAILORED BRANDS INC";103002
AVXL;436223;"ANAVEX LIFE SCIENCES CORP.";106002
APD;185217;"AIR PRODUCTS & CHEMICALS INC /DE/";110001
PSSR;210051;"PASSUR Aerospace, Inc.";100008
DRI;108420;"DARDEN RESTAURANTS INC";103003
CODA;511749;"Coda Octopus Group, Inc.";100008
MSM;87559;"MSC INDUSTRIAL DIRECT CO INC";100005
CETX;178699;"CEMTREX INC";100001
Cost;217867;"COSTCO WHOLESALE CORP /NEW";102001
FORD;257294;"FORWARD INDUSTRIES INC";103004
CTAS;331923;"CINTAS CORP";100002
INTC;85652;"INTEL CORP";101004
AIR;671123;"AAR CORP";100008
SNPS;744723;"SYNOPSYS INC";101003
CALM;776100;"CAL-MAINE FOODS INC";102002
MMMB;233893;"MamaMancini's Holdings, Inc.";
SNAP;449958;"Snap Inc";101002
STRM;494891;"STREAMLINE HEALTH SOLUTIONS INC.";101003
SNX;84398;"SYNNEX CORP";100002
PLAB;39856;"PHOTRONICS INC";101004
ABM;199984;"ABM INDUSTRIES INC /DE/";100002
SMCI;175410;"Super Micro Computer, Inc.";101005
FCEL;197812;"FUELCELL ENERGY INC";105002
EVFM;988215;"Evofem Biosciences, Inc.";
WOR;332221;"WORTHINGTON INDUSTRIES INC";110007
CSBR;241725;"CHAMPIONS ONCOLOGY, INC.";106002
LUK;378180;"Leucadia National Corp.";102002
CCL;288836;"CARNIVAL CORP";103015
LNN;80469;"LINDSAY CORP";100009
SLB;353500;"SCHLUMBERGER LIMITED/NV";107004
NFLX;83548;"NETFLIX INC";103001
EV;200412;"EATON VANCE CORP";104001
JVA;40037;"COFFEE HOLDING CO INC";102002
FUL;256748;"FULLER H B CO";110001
EMR;255983;"EMERSON ELECTRIC CO";100001
APOG;327543;"APOGEE ENTERPRISES, INC.";110005
LEDS;93692;"SemiLEDs Corp";101004
WWE;641925;"WORLD WRESTLING ENTERTAINMENTINC";103001
CSL;446361;"Carlisle Companies Inc";103005
UNP;367644;"UNION PACIFIC CORP";100010
APH;65820;"AMPHENOL CORP /DE/";101001
CSX;248102;"CSX CORP";100010
BIIB;71079;"BIOGEN INC.";106002
TRV;262327;"TRAVELERS COMPANIES, INC.";104006
LOGM;641732;"LogMeIn, Inc.";101003
FAST;339017;"FASTENAL CO";100005
ISRG;103498;"INTUITIVE SURGICAL INC";106004
KMB;384594;"KIMBERLY CLARK CORP";102002
LMT;103644;"LOCKHEED MARTIN CORP";100008
PHM;404717;"PULTEGROUP INC/MI/";103013
LIVE;655099;"LIVE VENTURES Inc";100013
HNRG;684673;"HALLADOR ENERGY CO";110006
EGAN;233349;"EGAIN Corp";101003
GGG;103052;"GRACO INC";100001
VRSN;378234;"Verisign Inc.";101002
BHI;71832;"BAKER HUGHES INC";107004
PATK;745754;"PATRICK INDUSTRIES INC";103004
VLGEA;333215;"VILLAGE SUPER MARKET INC";102001
RICK;100383;"RCI HOSPITALITY HOLDINGS, INC.";103003
USG;449068;"Usg Corp";110005
HAL;378158;"Halliburton Co.";107004
AGX;529078;"ARGAN INC";100003
BIG;49609;"BIG LOTS INC";102001
NWE;342218;"NORTHWESTERN CORP";105001
RECN;328011;"RESOURCES CONNECTION INC";100002
FNKO;694474;"Funko, Inc.";103015
TRT;288723;"TRIO-TECH INTERNATIONAL";101004
MTRN;739542;"MATERION Corp";110004
SYF;493399;"Synchrony Financial";104007
BHGE;679135;"Baker Hughes a GE Co";107004
SNA;288357;"SNAP-ON Inc";100001
CAL;49132;"CALERES INC";103004
DAL;231789;"DELTA AIR LINES INC /DE/";100006
SSC;739951;"Seven Stars Cloud Group, Inc.";101003
VAL;200824;"VALSPAR CORP";
SCVL;201975;"SHOE CARNIVAL INC";103002
GFF;358146;"GRIFFON CORP";110005
MSCI;549638;"MSCI Inc.";104003
OMC;251397;"OMNICOM GROUP INC.";103011
WSCO;659717;"Wall Street Media Co, Inc.";
LRCX;101897;"LAM RESEARCH CORP";101004
GOOG;18;Alphabet;101002
DTE;378131;"DTE Energy Co.";105001
AXP;413080;"AMERICAN EXPRESS CO";104007
CE;109593;"Celanese Corp";110001
SBUX;86689;"STARBUCKS CORP";103003
IBM;69543;"INTERNATIONAL BUSINESS MACHINES CORP";101003
TXN;252464;"TEXAS INSTRUMENTS INC";101004
MIND;198210;"MITCHAM INDUSTRIES INC";101001
KO;82117;"COCA COLA CO";102005
WTW;564422;"WEIGHT WATCHERS INTERNATIONAL INC";103020
DOV;336327;"DOVER Corp";100001
MMM;22219;"3M CO";100001
MDLZ;378190;"Mondelez International";102002
F;249937;"FORD MOTOR CO";103005
GE;244314;"GENERAL ELECTRIC CO";100001
VZ;101219;"VERIZON COMMUNICATIONS INC";108001
DPZ;338660;"DOMINOS PIZZA INC";103003
GRMN;388839;"GARMIN LTD";101001
SPGI;378217;"S&P Global, Inc.";104003
CMG;80874;"CHIPOTLE MEXICAN GRILL INC";103003
NEE;188922;"NEXTERA ENERGY INC";105001
LUV;205563;"SOUTHWEST AIRLINES CO";100006
LII;98304;"LENNOX INTERNATIONAL INC";100001
NOC;333824;"NORTHROP GRUMMAN CORP /DE/";100008
USAP;114434;"UNIVERSAL STAINLESS & ALLOY PRODUCTS INC";110007
MASI;350340;"MASIMO CORP";106004
CMS;378117;"CMS Energy";105001
PII;104458;"POLARIS INDUSTRIES INC/MN";103005
CRSP;791051;"CRISPR Therapeutics AG";106002
IVAC;639373;"INTEVAC INC";101001
NEP;704398;"NextEra Energy Partners, LP";105002
CNC;378107;"Centene Corporation";106006
ROK;121874;"ROCKWELL AUTOMATION INC";100001
EW;108955;"Edwards Lifesciences Corp";106004
CGNX;710555;"COGNEX CORP";101001
RAD;84515;"RITE AID CORP";102001
TNET;797860;"TRINET GROUP INC";100002
PM;82860;"Philip Morris International Inc.";102003
SIRI;97841;"SIRIUS XM HOLDINGS INC.";103001
CP;102322;"CANADIAN PACIFIC RAILWAY LTD/CN";100010
CMI;120498;"CUMMINS INC";100001
SAM;714419;"THE BOSTON BEER COMPANY, INC.";102004
PPG;256062;"PPG INDUSTRIES INC";110001
FARO;740727;"FARO TECHNOLOGIES INC";101001
SRCE;767938;"1ST SOURCE CORP";104002
AJRD;516551;"AEROJET ROCKETDYNE HOLDINGS, INC.";100008
KMI;88392;"KINDER MORGAN, INC.";107003
PTEN;345674;"PATTERSON UTI ENERGY INC";107006
NOV;378193;"National Oilwell Varco Inc.";107004
DXCM;352596;"DEXCOM INC";106001
GOOD;106972;"GLADSTONE COMMERCIAL CORP";109001
CDE;529633;"Coeur Mining, Inc.";110004
AZZ;82401;"AZZ INC";100001
CNNX;208611;"CONE Midstream Partners LP";107003
STT;378219;"State Street Corp.";104001
TROW;378221;"T. Rowe Price Group";104001
HXL;103406;"HEXCEL CORP /DE/";100008
PEP;218222;"PEPSICO INC";102005
SEB;448625;"Seaboard Corp";100013
APRN;978546;"Blue Apron Holdings, Inc.";103002
ALLE;69109;"Allegion plc";100007
GWW;504823;"GRAINGER W W INC";100005
ST;749178;"Sensata Technologies Holding plc";101001
TRU;700411;TransUnion;100002
ELS;446592;"Equity Lifestyle Properties Inc";109001
NXST;650370;"NEXSTAR MEDIA GROUP, INC.";103001
MCBC;745864;"MACATAWA BANK CORP";104002
ZYXI;171401;"ZYNEX INC";106004
ABAX;36105;"ABAXIS INC";106001
PPIH;209037;"MFRI INC";100001
AWI;253579;"ARMSTRONG WORLD INDUSTRIES INC";110005
OZRK;135823;"BANK OF THE OZARKS INC";104002
CROX;128143;"Crocs, Inc.";103004
HURC;188434;"HURCO COMPANIES INC";101001
EFX;378137;"Equifax Inc.";100002
NTRS;407194;"NORTHERN TRUST CORP";104001
IEX;824090;"IDEX CORP /DE/";100001
UIS;717085;"UNISYS CORP";101003
MKL;205470;"MARKEL CORP";104006
LARK;130464;"LANDMARK BANCORP INC";104002
NEO;778404;"NEOGENOMICS INC";106001
HSII;727845;"HEIDRICK & STRUGGLES INTERNATIONAL INC";100011
CINF;248488;"CINCINNATI FINANCIAL CORP";104006
WFT_old;449193;"Weatherford International LTD";107004
ETR;354347;"ENTERGY CORP /DE/";105001
CNS;820401;"COHEN & STEERS INC";104001
ESCA;918449;"ESCALADE INC";
IPG;378168;"Interpublic Group";103011
ACA;919864;"Arcosa, Inc.";100003
LL;517434;"Lumber Liquidators Holdings, Inc.";103002
SLM;103225;"SLM CORP";104007
FB;121021;"Facebook Inc";101002
HRI;535488;"HERC HOLDINGS INC";100007
ODT;790464;"Odonate Therapeutics, Inc.";106002
MO;133574;"ALTRIA GROUP, INC.";102003
UTHR;438343;"UNITED THERAPEUTICS Corp";106002
CTL;373834;"CENTURYLINK, INC";108001
RE;741323;"EVEREST RE GROUP LTD";104013
ALV;104657;"AUTOLIV INC";103005
KMX;327637;"CARMAX INC";103005
DORM;742104;"Dorman Products, Inc.";103005
CDNS;107614;"CADENCE DESIGN SYSTEMS INC";101003
SEIC;341472;"SEI INVESTMENTS CO";104001
JMBA;365536;"JAMBA, INC.";103003
OGS;351460;"ONE Gas, Inc.";105001
HSY;248677;"HERSHEY CO";102002
NP;743399;"Neenah Inc";110002
SITE;62823;"SiteOne Landscape Supply, Inc.";100005
DIN;545516;"DineEquity, Inc";103003
LGND;898544;"LIGAND PHARMACEUTICALS INC";106002
GRC;122864;"GORMAN RUPP CO";100001
TOCA;809598;"Tocagen Inc";106002
MSFT;59265;"MICROSOFT CORP";101003
CLFD;824450;"Clearfield, Inc.";101005
CHKE;240259;"CHEROKEE INC";103002
ABT;63877;"ABBOTT LABORATORIES";106004
BAC;71941;"BANK OF AMERICA CORP /DE/";104002
ADP;591496;"AUTOMATIC DATA PROCESSING INC";100002
CLH;857873;"CLEAN HARBORS INC";100004
GS;60439;"GOLDMAN SACHS GROUP INC";104002
AMZN;62747;"AMAZON COM INC";103002
AMD;191397;"ADVANCED MICRO DEVICES INC";101004
VIRC;54439;"VIRCO MFG CORPORATION";100001
HAYN;358061;"HAYNES INTERNATIONAL INC";100001
EBAY;104109;"EBAY INC";103002
HNI;123823;"HNI CORP";100001
AVT;884659;"AVNET INC";101001
FICO;446774;"Fair Isaac Corp";101003
BA;70844;"BOEING CO";100008
JNJ;89661;"JOHNSON & JOHNSON";106005
CTS;923326;"CTS CORP";
CACI;254661;"CACI INTERNATIONAL INC /DE/";101003
AMGN;65735;"AMGEN INC";106002
BBBY;60362;"BED BATH & BEYOND INC";103002
UTL;704075;"UNITIL CORP";105001
AAPL;111052;"APPLE INC";101001
PCG;378198;"PG&E Corp.";105001
AAL;68568;"American Airlines Group Inc.";100006
CL;255327;"COLGATE PALMOLIVE CO";102002
OSK;975076;"OSHKOSH CORP";100008
HELE;91621;"HELEN OF TROY LTD";102002
MA;331628;"Mastercard Inc";104007
BZH;505724;"BEAZER HOMES USA INC";103013
EL;172930;"ESTEE LAUDER COMPANIES INC";102002
ALKS;445699;"Alkermes PLC";106002
CMA;378118;"Comerica Inc.";104002
CLX;218764;"CLOROX CO /DE/";102002
NFG;448011;"National Fuel Gas Co";107002
VRTX;344083;"VERTEX PHARMACEUTICALS INC / MA";106002
CHTR;378110;"Charter Communications";108001
MAS;255010;"MASCO CORP /DE/";110005
WHR;104227;"WHIRLPOOL CORP /DE/";103004
MANH;105128;"MANHATTAN ASSOCIATES INC";101003
GT;378156;"Goodyear Tire & Rubber";103005
HUN;447408;"Huntsman Corp";110001
JJSF;968241;"J&J SNACK FOODS CORP";102002
AR;466098;"ANTERO RESOURCES Corp";107002
ULBI;739637;"ULTRALIFE CORP";100001
PAYC;746934;"Paycom Software, Inc.";101003
SCRH;786879;"SCORES HOLDING CO INC";
SYK;105030;"STRYKER CORP";106004
CFR;419929;"CULLEN/FROST BANKERS, INC.";104002
BRKS;531292;"BROOKS AUTOMATION INC";101004
SCX;218861;"STARRETT L S CO";100001
TAP;248956;"MOLSON COORS BREWING CO";102004
QCOM;85758;"QUALCOMM INC/DE";101004
NKSH;129536;"NATIONAL BANKSHARES INC";104002
RIG;350729;"Transocean Ltd.";107006
MXIM;153611;"MAXIM INTEGRATED PRODUCTS INC";101004
FC;702498;"FRANKLIN COVEY CO";102006
RAI;336424;"REYNOLDS AMERICAN INC";102003
MMC;85544;"MARSH & MCLENNAN COMPANIES, INC.";104003
ERS;543790;"EMPIRE RESOURCES INC /NEW/";
DSW;596024;"DSW Inc.";103002
RWC;546874;"RELM WIRELESS CORP";101005
SPXC;768069;"SPX CORP";100001
CVCO;890460;"CAVCO INDUSTRIES INC.";103013
SSTK;623203;"Shutterstock, Inc.";101002
EXA;177765;"EXA CORP";101003
MRC;558197;"MRC GLOBAL INC.";107004
AMKR;693881;"AMKOR TECHNOLOGY, INC.";101004
KLIC;362126;"KULICKE & SOFFA INDUSTRIES INC";101004
INOV;497806;"Inovalon Holdings, Inc.";101003
ACHC;445598;"Acadia Healthcare Company Inc";106011
WY;57524;"WEYERHAEUSER CO";110002
CREE;178872;"CREE INC";101004
MDRX;495816;"ALLSCRIPTS HEALTHCARE SOLUTIONS, INC.";101003
AGIO;737501;"AGIOS PHARMACEUTICALS INC";106002
HOLX;362221;"HOLOGIC INC";106003
BRID;33021;"BRIDGFORD FOODS CORP";102002
CHD;378113;"Church & Dwight";102002
SKY;132365;"SKYLINE CORP";103013
IQV;744724;"IQVIA HOLDINGS INC.";106001
SANM;418072;"SANMINA CORP";101001
DRAD;641822;"DIGIRAD CORP";106004
OMF;687414;"OneMain Holdings, Inc.";104007
BLL;247618;"BALL CORP";103018
ACW;671043;"ACCURIDE CORP";
LLY;378181;"Lilly (Eli) & Co.";106005
HUBB;628038;"HUBBELL INC";101001
SIX;816466;"Six Flags Entertainment Corp";103015
CCOI;125781;"COGENT COMMUNICATIONS HOLDINGS, INC.";108001
ARE;445788;"Alexandria Real Estate Equities Inc";109001
URI;102754;"UNITED RENTALS INC /DE";100007
PAHC;177507;"PHIBRO ANIMAL HEALTH CORP";106005
IEHC;248180;"IEH CORPORATION";101001
MSA;898420;"MSA Safety Inc";100007
RSLS;794492;"ReShape Lifesciences Inc.";106004
WNDW;92543;"SolarWindow Technologies, Inc.";
SMID;362372;"SMITH MIDLAND CORP";
AEHR;178053;"AEHR TEST SYSTEMS";101004
TYL;693134;"TYLER TECHNOLOGIES INC";101003
AON;67471;"Aon plc";104003
OSIS;344473;"OSI SYSTEMS INC";101001
AIT;253867;"APPLIED INDUSTRIAL TECHNOLOGIES INC";100005
OTEX;714157;"OPEN TEXT CORP";101003
RAVE;640428;"RAVE RESTAURANT GROUP, INC.";103003
IP;261549;"INTERNATIONAL PAPER CO /NEW/";103018
FRAN;202677;"Francesca's Holdings CORP";103002
ADM;66997;"ARCHER DANIELS MIDLAND CO";102002
MTSI;358330;"MACOM Technology Solutions Holdings, Inc.";101004
PYX;825788;"PYXUS INTERNATIONAL, INC.";102003
ALK;65470;"ALASKA AIR GROUP, INC.";100006
HRC;357864;"Hill-Rom Holdings, Inc.";106003
FIZZ;199147;"NATIONAL BEVERAGE CORP";102005
IRBT;675457;"IROBOT CORP";101001
X;721031;"UNITED STATES STEEL CORP";110007
PFG;367240;"PRINCIPAL FINANCIAL GROUP INC";104004
PEGA;448267;"Pegasystems Inc";101003
DOW;378129;"Dow Chemical";110001
ILMN;86933;"ILLUMINA INC";106003
TRUP;640535;"TRUPANION INC.";104013
AWRE;512152;"AWARE INC /MA/";101003
GD;234391;"GENERAL DYNAMICS CORP";100008
EAT;980378;"BRINKER INTERNATIONAL, INC";103003
HBI;331419;"Hanesbrands Inc.";103004
NTGR;591520;"NETGEAR, INC";101005
HON;105257;"HONEYWELL INTERNATIONAL INC";100001
BEN;378153;"Franklin Resources";104001
HBAN;378164;"Huntington Bancshares";104002
ICE;378167;"Intercontinental Exchange";104003
KHC;693432;"Kraft Heinz Co";102002
CUZ;446395;"Cousins Properties Inc";109001
COR;82753;"CoreSite Realty Corp";109001
BERY;470977;"BERRY GLOBAL GROUP INC";103018
PLD;113992;"Prologis, Inc.";109001
SRDX;366154;"SURMODICS INC";106001
PGRE;350539;"Paramount Group, Inc.";109001
NSC;378195;"Norfolk Southern Corp.";100010
MTOR;772948;"MERITOR INC";103005
SGEN;487011;"SEATTLE GENETICS INC /WA";106002
CCS;350948;"Century Communities, Inc.";103013
STX;378212;"Seagate Technology";101001
CERN;259186;"CERNER CORP /MO/";101003
CMCSA;106366;"COMCAST CORP";108001
RMD;129653;"RESMED INC";106003
FLXS;248318;"FLEXSTEEL INDUSTRIES INC";103004
FND;693510;"Floor & Decor Holdings, Inc.";103002
ATR;445832;"Aptargroup Inc";103018
PPC;423305;"PILGRIMS PRIDE CORP";102002
OI;406666;"OWENS ILLINOIS INC /DE/";103018
FEYE;276492;"FireEye, Inc.";101003
WIRE;983825;"ENCORE WIRE CORP";
BRO;245531;"BROWN & BROWN INC";104003
BCPC;700317;"BALCHEM CORP";110001
LFUS;132253;"LITTELFUSE INC /DE";101001
WK;618274;"WORKIVA INC";101003
HIG;387752;"HARTFORD FINANCIAL SERVICES GROUP INC/DE";104005
MCO;88874;"MOODYS CORP /DE/";104003
ZEUS;815280;"OLYMPIC STEEL INC";110007
BMI;252337;"BADGER METER INC";101001
AA;367153;"Alcoa Corp";110004
PSX;353084;"Phillips 66";107001
LYB;378183;LyondellBasell;110001
K;97995;"KELLOGG CO";102002
NOW;617429;"ServiceNow, Inc.";101003
SWK;244442;"STANLEY BLACK & DECKER, INC.";100001
ADS;68960;"ALLIANCE DATA SYSTEMS CORP";104007
GLPI;447206;"Gaming & Leisure Properties Inc";109001
TFX;448874;"Teleflex Inc";106004
TNDM;693227;"TANDEM DIABETES CARE INC";106004
DIS;261356;"The Walt Disney Company";103001
QSR;716651;"Restaurant Brands International Inc.";103003
RYN;504942;"RAYONIER INC";110002
ZVO;901866;"Zovio Inc";102006
SMP;126577;"STANDARD MOTOR PRODUCTS INC";103005
AFL;62581;"AFLAC INC";104004
LSTR;770173;"LANDSTAR SYSTEM INC";100010
COF;378103;"Capital One Financial";104007
OXY;334205;"OCCIDENTAL PETROLEUM CORP /DE/";107002
CXO;378119;"Concho Resources";107002
MKTX;118024;"MARKETAXESS HOLDINGS INC";104003
BLDR;826504;"Builders FirstSource, Inc.";110005
BRKA;71306;"BERKSHIRE HATHAWAY INC";111001
GAS;70028;"AGL RESOURCES INC";105001
WHG;646168;"WESTWOOD HOLDINGS GROUP INC";104001
GOV;820761;"GOVERNMENT PROPERTIES INCOME TRUST";109001
TRN;247970;"TRINITY INDUSTRIES INC";100010
CBOE;120616;"CBOE Holdings, Inc.";104003
IDA;627772;"IDACORP INC";105001
SO;189248;"SOUTHERN CO";105001
CRY;710985;"CRYOLIFE INC";106004
ESV;822750;"Ensco plc";107006
SHW;378215;Sherwin-Williams;110001
HUM;234479;"HUMANA INC";106006
ANTM;378099;"Anthem Inc.";106006
CHRW;378101;"C. H. Robinson Worldwide";100010
TSLA;56317;Tesla;103005
CAT;253953;"CATERPILLAR INC";100009
SAVE;170150;"Spirit Airlines, Inc.";100006
ATO;445830;"Atmos Energy Corp";105001
DLB;357388;"Dolby Laboratories, Inc.";103001
APTV;378125;"Aptiv PLC";103005
HUBS;504719;"HUBSPOT INC";101003
ABC;187024;"AMERISOURCEBERGEN CORP";106014
JOUT;667535;"JOHNSON OUTDOORS INC";103015
FOX;885908;"Fox Corp";103001
LANC;253076;"LANCASTER COLONY CORP";102002
INTL;728087;"INTL FCSTONE INC.";104003
ARMK;361112;Aramark;103003
TEL;104745;"TE Connectivity Ltd.";101001
SHAK;148890;"Shake Shack Inc.";103003
TWIN;231580;"TWIN DISC INC";100001
GENC;543904;"GENCOR INDUSTRIES INC";100009
NVEC;102816;"NVE CORP /NEW/";101004
AGN;61474;"Allergan plc";106005
CUB;727716;"CUBIC CORP /DE/";100008
C;89126;"CITIGROUP INC";104002
MAXD;662184;"Max Sound Corp";
LAZ;447656;"Lazard LTD";104003
GDDY;647209;"GoDaddy Inc.";101002
MCD;243628;"MCDONALDS CORP";103003
KE;175788;"Kimball Electronics, Inc.";101001
SYY;247719;"SYSCO CORP";102001
LITE;183087;"Lumentum Holdings Inc.";101005
PINC;448306;"Premier Inc";101003
MRCY;166196;"MERCURY SYSTEMS INC";101001
JPM;243510;"JPMORGAN CHASE & CO";104002
TWTR;30388;"TWITTER, INC.";101002
SMG;355003;"SCOTTS MIRACLE-GRO CO";110003
CLCT;512060;"COLLECTORS UNIVERSE INC";100002
JEC;378172;"Jacobs Engineering Group";100003
V;107326;"VISA INC.";104007
GPRO;114240;"GoPro, Inc.";101001
TMUS;515267;"T-Mobile US, Inc.";108001
HLF;335043;"HERBALIFE LTD.";102002
ACF;748227;"General Motors Financial Company, Inc.";
L;378182;"Loews Corp.";104006
PH;354246;"PARKER HANNIFIN CORP";100001
IPDN;655301;"Professional Diversity Network, Inc.";101002
SWKS;353611;"SKYWORKS SOLUTIONS, INC.";101004
SMED;179660;"SHARPS COMPLIANCE CORP";100004
ALXN;65359;"ALEXION PHARMACEUTICALS INC";106002
NDAQ;378192;"NASDAQ OMX Group";104003
UFI;249809;"UNIFI INC";103013
CMPR;889944;"CIMPRESS N.V.";103011
AZPN;445871;"Aspen Technology Inc";101003
PYPL;109664;"PayPal Holdings, Inc.";104007
EBF;90209;"ENNIS, INC.";100001
T;66790;"AT&T INC.";108001
ADNT;675558;"Adient plc";103005
PFGC;180458;"Performance Food Group Co";102001
NSSC;198892;"NAPCO SECURITY TECHNOLOGIES, INC";100007
IO;905324;"ION GEOPHYSICAL CORP";107004
NYT;647918;"NEW YORK TIMES CO";103026
TDG;378229;"TransDigm Group";100008
CAMP;75639;"CalAmp Corp.";101005
ATKR;368117;"Atkore International Group Inc.";100001
CBS;378106;"CBS Corp.";103001
FFIV;60283;"F5 NETWORKS INC";101003
XOM;121214;"EXXON MOBIL CORP";107005
CENT;239618;"CENTRAL GARDEN & PET CO";102002
ALNY;325251;"ALNYLAM PHARMACEUTICALS, INC.";106002
BPMC;781830;"Blueprint Medicines Corp";106002
XPO;364942;"XPO Logistics, Inc.";100010
LPX;849042;"LOUISIANA-PACIFIC CORP";110005
NGVC;941589;"Natural Grocers by Vitamin Cottage, Inc.";
RDFN;808089;"Redfin Corp";109002
BRX;108186;"Brixmor Property Group Inc.";109001
EGP;899359;"EASTGROUP PROPERTIES INC";109001
FRT;378144;"Federal Realty Investment Trust";109001
STRT;202406;"STRATTEC SECURITY CORP";103005
VRNS;908839;"VARONIS SYSTEMS INC";101003
CNA;446249;"Cna Financial Corp";104006
LVGO;936620;"Livongo Health, Inc.";101003
ACM;445606;"Aecom Technology Corp";100003
KLAC;132518;"KLA TENCOR CORP";101004
HP;360878;"Helmerich & Payne, Inc.";107006
SONO;974898;"Sonos Inc";103001
INCY;671924;"INCYTE CORP";106002
HI;361523;"Hillenbrand, Inc.";100001
PDEX;246198;"PRO DEX INC";106003
GM;125620;"General Motors Co";103005
IRM;378171;"Iron Mountain Incorporated";100002
MEIP;187582;"MEI Pharma, Inc.";106005
MYGN;748224;"MYRIAD GENETICS INC";106001
TSN;138054;"TYSON FOODS INC";102002
LPTH;246855;"LIGHTPATH TECHNOLOGIES INC";101001
BDX;71373;"BECTON DICKINSON & CO";106003
EPM;516432;"EVOLUTION PETROLEUM CORP";107002
MITK;369106;"MITEK SYSTEMS INC";101003
AJG;66898;"GALLAGHER ARTHUR J & CO";104003
ASYS;819674;"AMTECH SYSTEMS INC";101004
BWA;70746;"BORGWARNER INC";103005
TPR;331230;"Tapestry Inc";103002
REGN;378206;Regeneron;106002
NBIX;447972;"Neurocrine Biosciences Inc";106002
CDK;749032;"CDK Global, Inc.";101003
ENR;674540;"ENERGIZER HOLDINGS, INC.";101001
CSII;178927;"Cardiovascular Systems Inc";106004
MTRX;182638;"MATRIX SERVICE CO";107004
MMS;447855;"Maximus Inc";100002
PHX;371566;"PANHANDLE OIL & GAS INC";107002
LQDT;533622;"LIQUIDITY SERVICES INC";103002
ALE;445686;"Allete Inc";105001
CRL;187129;"CHARLES RIVER LABORATORIES INTERNATIONAL INC";106001
DHX;653310;"DHI GROUP, INC.";100011
WM;378239;"Waste Management Inc.";100004
USFD;365184;"US Foods Holding Corp.";102001
GLW;261761;"CORNING INC /NY";101001
ACIA;353923;"Acacia Communications, Inc.";101005
ZEN;747270;"Zendesk, Inc.";101003
ZTS;378251;Zoetis;106005
LC;778892;"LendingClub Corp";104007
AMED;904598;"AMEDISYS INC";106011
THS;532132;"TreeHouse Foods, Inc.";102002
LCI;600871;"LANNETT CO INC";106005
FCX;378154;"Freeport-McMoran Cp & Gld";110004
NNN;448043;"National Retail Properties Inc";109001
IT;447532;"Gartner Inc";101003
HCP;378162;"HEALTHPEAK PROPERTIES, INC.";109001
CARG;645427;"CarGurus, Inc.";101002
BKH;253495;"BLACK HILLS POWER INC";105001
ARI;498489;"Apollo Commercial Real Estate Finance, Inc.";109001
CC;536512;"Chemours Co";110001
LDOS;902720;"Leidos Holdings, Inc.";101003
SIGI;627778;"SELECTIVE INSURANCE GROUP INC";104006
AYX;695370;"Alteryx, Inc.";101003
CTXS;131663;"CITRIX SYSTEMS INC";101003
RHI;378208;"Robert Half International";100011
MELI;884834;"MERCADOLIBRE INC";103002
UNH;367714;"UNITEDHEALTH GROUP INC";106006
HLT;740329;"Hilton Worldwide Holdings Inc.";103015
EIGI;74731;"Endurance International Group Holdings, Inc.";101003
ARW;445806;"Arrow Electronics Inc";101001
AWK;168302;"American Water Works Company, Inc.";105001
RSG;101495;"REPUBLIC SERVICES, INC.";100004
UNM;378233;"Unum Group";104004
VRSK;378235;"Verisk Analytics";100002
ANET;536189;"Arista Networks, Inc.";101001
BLKB;445967;"Blackbaud Inc";101003
DNOW;558120;"NOW Inc.";107004
AXGN;822853;"AxoGen, Inc.";106004
WAB;749129;"WESTINGHOUSE AIR BRAKE TECHNOLOGIES CORP";100010
JNPR;385619;"JUNIPER NETWORKS INC";101005
AME;67669;"AMETEK INC/";100001
AGLE;640634;"Aeglea BioTherapeutics, Inc.";106002
DVA;349826;"DAVITA INC.";106011
STOR;534667;"STORE CAPITAL Corp";109001
SEDG;847001;"SolarEdge Technologies Inc";101004
AL;182952;"AIR LEASE CORP";100007
WLK;700084;"WESTLAKE CHEMICAL CORP";110001
TXMD;692917;"TherapeuticsMD, Inc.";106005
SATS;823480;"EchoStar CORP";101005
PEB;107219;"Pebblebrook Hotel Trust";109001
LOPE;760533;"Grand Canyon Education, Inc.";102006
LNC;243942;"LINCOLN NATIONAL CORP";104004
HII;903401;"HUNTINGTON INGALLS INDUSTRIES, INC.";100008
SXT;134902;"SENSIENT TECHNOLOGIES CORP";110001
FII;821505;"FEDERATED INVESTORS INC /PA/";104001
COP;378120;ConocoPhillips;107002
CF;119051;"CF Industries Holdings, Inc.";110003
EQIX;378138;Equinix;109001
ESS;378140;"Essex Property Trust Inc";109001
FLS;378147;"Flowserve Corporation";100001
EXAS;41775;"EXACT SCIENCES CORP";106001
DGX;341807;"QUEST DIAGNOSTICS INC";106001
SHLX;909105;"Shell Midstream Partners, L.P.";107003
HCA;378161;"HCA Holdings";106011
MLM;378186;"Martin Marietta Materials";110005
KTOS;895821;"KRATOS DEFENSE & SECURITY SOLUTIONS, INC.";100007
LPLA;639823;"LPL Financial Holdings Inc.";104003
IDCC;549215;"InterDigital, Inc.";108001
YUM;98663;"YUM BRANDS INC";103003
TSCO;378228;"Tractor Supply Company";103002
NUVA;110456;"NUVASIVE INC";106004
VNO;378237;"Vornado Realty Trust";109001
WELL;378241;"Welltower Inc.";109001
WU;378242;"Western Union Co";104007
XEL;378246;"Xcel Energy Inc";105001
TRGP;625570;"Targa Resources Corp.";107003
IART;447419;"Integra Lifesciences Holdings Corp";106004
AXTA;702906;"Axalta Coating Systems Ltd.";110001
MD;905672;"MEDNAX, INC.";106011
CSGS;366036;"CSG SYSTEMS INTERNATIONAL INC";101003
LAMR;143321;"LAMAR ADVERTISING CO/NEW";109001
BG;445920;"Bunge LTD";102002
INGR;610276;"Ingredion Inc";102002
FIS;88558;"Fidelity National Information Services, Inc.";100002
AKR;664572;"ACADIA REALTY TRUST";109001
XPER;983817;"Xperi Corp";101004
Y;449291;"Alleghany Corp";104006
MLP;776713;"MAUI LAND & PINEAPPLE CO INC";109002
EXPE;112653;"Expedia, Inc.";103015
ZG;647182;"ZILLOW GROUP, INC.";109002
UDR;424210;"UDR, Inc.";109001
ETFC;378132;E*Trade;104003
CVS;256275;"CVS HEALTH Corp";106006
KAR;123411;"KAR Auction Services, Inc.";103002
PRU;78741;"PRUDENTIAL FINANCIAL INC";104004
BAH;182296;"Booz Allen Hamilton Holding Corp";100002
GTXI;796059;"GTX INC /DE/";106002
DD;546332;"DUPONT DE NEMOURS, INC.";110001
REXR;139560;"Rexford Industrial Realty, Inc.";109001
TWMC;197548;"TRANS WORLD ENTERTAINMENT CORP";103002
HOG;378159;Harley-Davidson;103005
ALX;87732;"ALEXANDERS INC";109001
IR;378166;"Ingersoll-Rand PLC";100001
PRLE;691898;"PILLARSTONE CAPITAL REIT";
low;186050;"LOWES COMPANIES INC";103002
DISH;741324;"DISH Network CORP";108001
FIT;642125;"FITBIT INC";101001
CVX;248396;"CHEVRON CORP";107005
DVN;122079;"DEVON ENERGY CORP/DE";107002
VRX;542074;"Valeant Pharmaceuticals International, Inc.";106005
LNTH;179201;"Lantheus Holdings, Inc.";106001
AEP;66050;"AMERICAN ELECTRIC POWER CO INC";105001
JAZZ;364811;"Jazz Pharmaceuticals plc";106002
FRPT;546551;"Freshpet, Inc.";102002
BSX;239516;"BOSTON SCIENTIFIC CORP";106004
CORT;724383;"CORCEPT THERAPEUTICS INC";106002
CCH;704561;"Cheniere Corpus Christi Holdings, LLC";
CQP;704562;"Cheniere Energy Partners, L.P.";107003
GILD;239284;"GILEAD SCIENCES INC";106002
BMY;255210;"BRISTOL MYERS SQUIBB CO";106005
GPRE;627777;"Green Plains Inc.";110001
H;133448;"Hyatt Hotels Corp";103015
AOS;445771;"Smith A O Corp";100001
CHEF;350160;"Chefs' Warehouse, Inc.";102001
SNHY;126033;"SUN HYDRAULICS CORP";100001
PBI;378200;Pitney-Bowes;100001
NE;134105;"Noble Corp plc";107006
USNA;741592;"USANA HEALTH SCIENCES INC";102002
LGIH;530141;"LGI Homes, Inc.";103013
COKE;156024;"COCA COLA BOTTLING CO CONSOLIDATED /DE/";102005
CBB;618601;"CINCINNATI BELL INC";108001
MTB;335339;"M&T BANK CORP";104002
ATI;442346;"Allegheny Technologies Inc.";100001
USCR;819568;"US CONCRETE INC";110005
USB;378231;"U.S. Bancorp";104002
Joe;546306;"ST JOE CO";109002
GEO;365061;"GEO GROUP INC";109001
WEN;217619;"Wendy's Co";103003
BL;371763;"BLACKLINE, INC.";101003
MRK;262201;"Merck & Co., Inc.";106005
REZI;918602;"RESIDEO TECHNOLOGIES, INC.";
NANO;721571;"NANOMETRICS INC";101004
NLS;958643;"NAUTILUS, INC.";
TCMD;201913;"TACTILE SYSTEMS TECHNOLOGY INC";106004
PRLB;341185;"Proto Labs Inc";100001
MRTX;782022;"Mirati Therapeutics, Inc.";106002
FTNT;130256;"FORTINET INC";101003
ODP;528624;"OFFICE DEPOT INC";103002
HYH;536304;"Halyard Health, Inc.";106003
FELE;124153;"FRANKLIN ELECTRIC CO INC";100001
TROV;798464;"Trovagene, Inc.";106001
GTHX;820499;"G1 Therapeutics, Inc.";106002
FCNCA;446741;"First Citizens Bancshares Inc";104002
FBHS;378152;"Fortune Brands Home & Security";103004
AVY;66346;"Avery Dennison Corp";100001
RGEN;933166;"REPLIGEN CORP";106001
ODFL;782146;"OLD DOMINION FREIGHT LINE INC/VA";100010
TA;133962;"TRAVELCENTERS OF AMERICA LLC";103002
CHE;115043;"CHEMED CORP";106011
CVNA;717670;"CARVANA CO.";103002
BGS;327019;"B&G Foods, Inc.";102002
MNK;365935;"Mallinckrodt plc";106005
TREE;780144;"LendingTree, Inc.";104002
IMO;702831;"IMPERIAL OIL LTD";107005
VMC;378238;"Vulcan Materials";110005
ZION;378250;"Zions Bancorp";104002
CARS;650652;"Cars.com Inc.";103005
RGNX;778666;"REGENXBIO Inc.";106002
PZZA;352171;"PAPA JOHNS INTERNATIONAL INC";103003
LNG;260533;"CHENIERE ENERGY INC";107003
MTZ;447935;"Mastec Inc";100003
VKTX;890836;"Viking Therapeutics, Inc.";106002
DRTT;963028;"DIRTT ENVIRONMENTAL SOLUTIONS LTD";103004
ENDP;530918;"Endo International plc";106005
BFS;664571;"SAUL CENTERS INC";109001
FTDR;952705;"frontdoor, inc.";103020
DLPH;928642;"Delphi Technologies PLC";103005
HSIC;378104;"Henry Schein";106014
DXC;740485;"DXC Technology Co";100002
MRNA;917766;"Moderna, Inc.";106002
PINS;979810;"PINTEREST, INC.";101002
ARG;442344;"Airgas, Inc.";110001
PRO;969097;"PROS Holdings, Inc.";101003
ED;378121;"Consolidated Edison";105001
MOS;94993;"MOSAIC CO";110003
WTS;816791;"WATTS WATER TECHNOLOGIES INC";100001
HTZ;536728;"HERTZ CORP";
SPCE;949272;"Virgin Galactic Holdings, Inc";103015
EPAM;923418;"EPAM Systems, Inc.";100002
HFC;684316;"HollyFrontier Corp";107001
EXPD;378143;"Expeditors International";100010
CCMP;927135;"CABOT MICROELECTRONICS CORP";101004
SMPL;858017;"Simply Good Foods Co";102002
RH;951586;RH;103002
ITGR;101027;"Integer Holdings Corp";106004
FSS;968229;"FEDERAL SIGNAL CORP /DE/";100001
LYFT;939173;"Lyft, Inc.";101003
LPSN;975527;"LIVEPERSON INC";101003
PVAC;359467;"PENN VIRGINIA CORP";107002
LLTC;178219;"LINEAR TECHNOLOGY CORP /CA/";101004
DELL;59180;"Dell Technologies Inc.";101001
BWXT;914354;"BWX Technologies, Inc.";100008
LEVI;705588;"LEVI STRAUSS & CO";103004
TDOC;963383;"Teladoc Health, Inc.";106011
NEM;103736;"NEWMONT MINING CORP /DE/";110004
EQR;421306;"Equity Residential";109001
EVBG;914618;"EVERBRIDGE, INC.";101003
ZM;963384;"Zoom Video Communications, Inc.";101003
BOOM;953277;"DMC Global Inc.";107004
HCSG;923327;"HEALTHCARE SERVICES GROUP INC";100002
BYND;917697;"BEYOND MEAT, INC.";102002
TEVA;616649;"TEVA PHARMACEUTICAL INDUSTRIES LTD";106005
MRO;378185;"Marathon Oil Corp.";107002
EMC;261451;"EMC CORP";101001
HOT;113871;"STARWOOD HOTEL & RESORTS WORLDWIDE, INC";103015
COMM;446289;"Commscope Holding Company Inc";101005
PLAN;925650;"Anaplan, Inc.";101003
ESTC;917843;"Elastic N.V.";101003
PTON;963029;"PELOTON INTERACTIVE, INC.";103015
IDXX;447447;"Idexx Laboratories Inc";106001
CHNG;987613;"Change Healthcare Inc.";101003
NCMI;716509;"National CineMedia, Inc.";103011
RF;378207;"Regions Financial Corp.";104002
REPR;748002;"REPRO MED SYSTEMS INC";106003
XPEL;969955;"XPEL, Inc.";103005
EAF;910562;"GRAFTECH INTERNATIONAL LTD";100001
PEN;920930;"Penumbra Inc";106004
SFM;520294;"Sprouts Farmers Market, Inc.";102001
NATI;56422;"NATIONAL INSTRUMENTS CORP";101003
CAR;980327;"AVIS BUDGET GROUP, INC.";103002
CSC;218339;"COMPUTER SCIENCES CORP";100002
CIT;335466;"CIT GROUP INC";104002
DAN;980331;"DANA INC";103005
SAIA;942700;"SAIA INC";100010
IEP;980333;"ICAHN ENTERPRISES L.P.";104001
CMC;980334;"COMMERCIAL METALS Co";110007
SBH;978927;"Sally Beauty Holdings, Inc.";103002
SABR;980330;"Sabre Corp";100002
NC;528497;"NACCO INDUSTRIES INC";110006
FRX;564852;"Forest Laboratories, LLC";106002
CXW;949493;"CoreCivic, Inc.";109002
PAYS;921205;"Paysign, Inc.";100002
ARWR;952053;"ARROWHEAD PHARMACEUTICALS, INC.";106002
ALG;128246;"ALAMO GROUP INC";100009
AIG;251769;"AMERICAN INTERNATIONAL GROUP INC";104005
NET;961018;"Cloudflare, Inc.";101003
WORK;949110;"Slack Technologies, Inc.";101003
WAT;378240;"Waters Corporation";106003
PCP;438657;"PRECISION CASTPARTS CORP";100008
LNGG;640898;"LINN ENERGY, INC.";107002
INVA;942592;"Innoviva, Inc.";106002
EXEL;289286;"EXELIXIS, INC.";106002
BTU;918412;"PEABODY ENERGY CORP";
ENV;978454;"ENVESTNET, INC.";101003
DHR;89750;"DANAHER CORP /DE/";106001
SWY;86808;"SAFEWAY INC";102001
IPHI;923419;"INPHI Corp";101004
OLN;448155;"Olin Corp";110001
CR;355869;"CRANE CO /DE/";100001
TPX;686753;"TEMPUR SEALY INTERNATIONAL, INC.";103004
SBAC;100897;"SBA COMMUNICATIONS CORP";108001
SLCA;534435;"U.S. SILICA HOLDINGS, INC.";110004
ENPH;917156;"Enphase Energy, Inc.";101004
SAIL;902180;"Sailpoint Technologies Holdings, Inc.";101003
OLED;933165;"UNIVERSAL DISPLAY CORP \PA\";101004
HAR;378160;"Harman Int'l Industries";101001
GPN;182201;"GLOBAL PAYMENTS INC";100002
UAL;219075;"United Continental Holdings, Inc.";100006
MMP;918211;"MAGELLAN MIDSTREAM PARTNERS LP";107003
O;81605;"REALTY INCOME CORP";109001
CNXT;706764;"CONEXANT SYSTEMS INC";101004
MORN;979788;"Morningstar, Inc.";104003
FORM;931024;"FORMFACTOR INC";101004
OA;609619;"ORBITAL ATK, INC.";100008
CHGG;987221;"CHEGG, INC";103020
MENT;181078;"MENTOR GRAPHICS CORP";101003
GPC;115285;"GENUINE PARTS CO";103002
CFG;378202;"Citizens Financial Group";104002
IPGP;570971;"IPG PHOTONICS CORP";101004
PSA;378204;"Public Storage";109001
PCRX;982111;"Pacira BioSciences, Inc.";106001
WMB;344928;"WILLIAMS COMPANIES INC";107003
DNKN;101599;"DUNKIN' BRANDS GROUP, INC.";103003
ALL;68840;"ALLSTATE CORP";104006
TBI;108139;"TrueBlue, Inc.";100011
PETM;953585;"PETSMART INC";103002
WBMD;646643;"WebMD Health Corp.";101002
COG;378102;"Cabot Oil & Gas";107002
CNVR;521210;"CONVERSANT, INC.";101002
MIC;345220;"Macquarie Infrastructure Corp";100010
EPZM;138374;"Epizyme, Inc.";106002
WWW;983819;"WOLVERINE WORLD WIDE INC /DE/";103004
UNIT;990739;"Uniti Group Inc.";109001
STAY;448789;"Extended Stay America Inc";103015
KKD;47513;"KRISPY KREME DOUGHNUTS INC";103003
RUBI;683438;"RUBICON PROJECT, INC.";101003
DRE;446513;"Duke Realty Corp";109001
HWC;734515;"HANCOCK WHITNEY CORP";104002
RLGY;447285;"Realogy Group LLC";109002
GNW;527413;"GENWORTH FINANCIAL INC";104005
GBT;687412;"Global Blood Therapeutics, Inc.";106002
MGLN;945856;"MAGELLAN HEALTH INC";106011
KATE;441025;"Kate Spade & Co";103002
WMK;912450;"WEIS MARKETS INC";102001
DBD;770497;"DIEBOLD NIXDORF, Inc";101003
SRPT;749127;"Sarepta Therapeutics, Inc.";106002
SNBR;925649;"Sleep Number Corp";
WSTC;820561;"WEST CORP";100002
WGP;745556;"Western Gas Equity Partners, LP";107003
CHDN;883031;"CHURCHILL DOWNS Inc";103015
VMI;449113;"Valmont Industries Inc";100001
KPTI;786011;"Karyopharm Therapeutics Inc.";106005
NGVT;979804;"Ingevity Corp";110001
PD;987612;"PagerDuty, Inc.";101003
VLO;410846;"VALERO ENERGY CORP/TX";107001
AHS;683491;"AMN HEALTHCARE SERVICES INC";100011
BLOX;252645;"INFOBLOX INC";101005
PNR;334445;"PENTAIR plc";100001
SWN;401903;"SOUTHWESTERN ENERGY CO";107002
TMK;378226;"Torchmark Corp.";104004
AMT;68339;"AMERICAN TOWER CORP /MA/";108001
CRAY;941302;"CRAY INC";101001
BV;977402;"BrightView Holdings, Inc.";100002
PS;698235;"Pluralsight, Inc.";101003
QLGC;80382;"QLOGIC CORP";101001
CPXX;436095;"Celator Pharmaceuticals Inc";106002
MEDP;989058;"Medpace Holdings, Inc.";106001
WLTW;378243;"Willis Towers Watson";104003
CMP;638470;"COMPASS MINERALS INTERNATIONAL INC";110004
CSGP;486790;"COSTAR GROUP INC";109002
DFS;378127;"Discover Financial Services";104007
BKNG;261036;"Booking Holdings Inc.";103015
FMAO;939566;"FARMERS & MERCHANTS BANCORP INC";104002
LSXMA;629561;"Liberty Media Corp";103001
MNKD;486138;"MANNKIND CORP";106002
PKG;448316;"Packaging Corp Of America";103018
KEY;378174;KeyCorp;104002
HURN;166848;"Huron Consulting Group Inc.";100002
TMO;372802;"THERMO FISHER SCIENTIFIC INC.";106001
PEG;117316;"PUBLIC SERVICE ENTERPRISE GROUP INC";105001
QEP;504259;"QEP RESOURCES, INC.";107005
USM;903238;"UNITED STATES CELLULAR CORP";108001
KURA;795981;"Kura Oncology, Inc.";106002
ALRM;819790;"Alarm.com Holdings, Inc.";101003
TTMI;626042;"TTM TECHNOLOGIES INC";101001
HSTM;497494;"Healthstream Inc";101003
SQ;83293;"Square, Inc.";101003
COT;727266;"COTT CORP /CN/";102005
GHC;716648;"Graham Holdings Co";102006
DDD;545133;"3D SYSTEMS CORP";101001
WYND;116466;"WYNDHAM DESTINATIONS, INC.";103015
ETN;124922;"Eaton Corp plc";100001
OKE;334076;"ONEOK INC /NEW/";107003
